<?xml version='1.0' encoding='UTF-8' standalone='no'?>
<section xmlns="http://docbook.org/ns/docbook" version="5.0" xmlns:xlink="http://www.w3.org/1999/xlink" xml:id="_r_l_e__c_8cpp">
    <title>RLE_c.cpp File Reference</title>
    <programlisting>#include &quot;RLE_c.h&quot;</programlisting>
<para>Include dependency diagram for RLE_c.cpp</para>
<para>
    <figure>
        <title>Dependency diagram</title>
        <mediaobject>
            <imageobject>
                <imagedata width="50%" align="center" valign="middle" scalefit="1" fileref="_r_l_e__c_8cpp__incl.png"></imagedata>
            </imageobject>
        </mediaobject>
    </figure>
</para>
<para>Included by dependency diagram for RLE_c.cpp</para>
<para>
    <figure>
        <title>Dependency diagram</title>
        <mediaobject>
            <imageobject>
                <imagedata width="50%" align="center" valign="middle" scalefit="1" fileref="_r_l_e__c_8cpp__dep__incl.png"></imagedata>
            </imageobject>
        </mediaobject>
    </figure>
</para>
    <simplesect>
        <title>Opis szczegółowy</title>
    <para>Definition in file C:/Users/Blazejek/Desktop/QT/test4/RLE_c.cpp</para>
    </simplesect>
</section>
