<?xml version='1.0' encoding='UTF-8' standalone='no'?>
<section xmlns="http://docbook.org/ns/docbook" version="5.0" xmlns:xlink="http://www.w3.org/1999/xlink" xml:id="_seven_bit_comp__old_8cpp">
    <title>SevenBitComp_old.cpp File Reference</title>
    <programlisting>#include &quot;SevenBitComp.h&quot;</programlisting>
    <programlisting>#include &lt;vector&gt;</programlisting>
    <programlisting>#include &lt;stdint.h&gt;</programlisting>
    <programlisting>#include &lt;QDebug&gt;</programlisting>
<para>Include dependency diagram for SevenBitComp_old.cpp</para>
<para>
    <figure>
        <title>Dependency diagram</title>
        <mediaobject>
            <imageobject>
                <imagedata width="50%" align="center" valign="middle" scalefit="1" fileref="_seven_bit_comp__old_8cpp__incl.png"></imagedata>
            </imageobject>
        </mediaobject>
    </figure>
</para>
<para>Included by dependency diagram for SevenBitComp_old.cpp</para>
<para>
    <figure>
        <title>Dependency diagram</title>
        <mediaobject>
            <imageobject>
                <imagedata width="50%" align="center" valign="middle" scalefit="1" fileref="_seven_bit_comp__old_8cpp__dep__incl.png"></imagedata>
            </imageobject>
        </mediaobject>
    </figure>
</para>
    <simplesect>
        <title>Opis szczegółowy</title>
    <para>Definition in file C:/Users/Blazejek/Desktop/QT/test4/SevenBitComp_old.cpp</para>
    </simplesect>
</section>
