<?xml version='1.0' encoding='UTF-8' standalone='no'?>
<section xmlns="http://docbook.org/ns/docbook" version="5.0" xmlns:xlink="http://www.w3.org/1999/xlink" xml:id="_seven_bit_comp__old_8h">
    <title>SevenBitComp_old.h File Reference</title>
    <programlisting>#include &lt;vector&gt;</programlisting>
    <programlisting>#include &lt;stdint.h&gt;</programlisting>
<para>Include dependency diagram for SevenBitComp_old.h</para>
<para>
    <figure>
        <title>Dependency diagram</title>
        <mediaobject>
            <imageobject>
                <imagedata width="50%" align="center" valign="middle" scalefit="1" fileref="_seven_bit_comp__old_8h__incl.png"></imagedata>
            </imageobject>
        </mediaobject>
    </figure>
</para>
<para>Included by dependency diagram for SevenBitComp_old.h</para>
<para>
    <figure>
        <title>Dependency diagram</title>
        <mediaobject>
            <imageobject>
                <imagedata width="50%" align="center" valign="middle" scalefit="1" fileref="_seven_bit_comp__old_8h__dep__incl.png"></imagedata>
            </imageobject>
        </mediaobject>
    </figure>
</para>
        <section>
            <title> Klasy </title>
            <para>
                <itemizedlist>
                    <listitem>
                        <para>struct <link linkend="class_seven_bit_comp">SevenBitComp</link></para>
<para><emphasis>Kompresja/dekompresja stratna - z kazdego bajtu usuwany najmniej znaczacy bit.</emphasis></para>
                    </listitem>
                </itemizedlist>
            </para>
        </section>
    <simplesect>
        <title>Opis szczegółowy</title>
    <para>Definition in file C:/Users/Blazejek/Desktop/QT/test4/SevenBitComp_old.h</para>
    </simplesect>
</section>
