<?xml version='1.0' encoding='UTF-8' standalone='no'?>
<section xmlns="http://docbook.org/ns/docbook" version="5.0" xmlns:xlink="http://www.w3.org/1999/xlink" xml:id="aajw__header_8h">
    <title>aajw_header.h File Reference</title>
    <programlisting>#include &lt;cstdint&gt;</programlisting>
    <programlisting>#include &lt;serialize.h&gt;</programlisting>
    <programlisting>#include &lt;vector&gt;</programlisting>
<para>Include dependency diagram for aajw_header.h</para>
<para>
    <figure>
        <title>Dependency diagram</title>
        <mediaobject>
            <imageobject>
                <imagedata width="50%" align="center" valign="middle" scalefit="1" fileref="aajw__header_8h__incl.png"></imagedata>
            </imageobject>
        </mediaobject>
    </figure>
</para>
<para>Included by dependency diagram for aajw_header.h</para>
<para>
    <figure>
        <title>Dependency diagram</title>
        <mediaobject>
            <imageobject>
                <imagedata width="50%" align="center" valign="middle" scalefit="1" fileref="aajw__header_8h__dep__incl.png"></imagedata>
            </imageobject>
        </mediaobject>
    </figure>
</para>
        <section>
            <title> Klasy </title>
            <para>
                <itemizedlist>
                    <listitem>
                        <para>struct <link linkend="class_a_hdr">AHdr</link></para>
<para><emphasis>Klasa przechowuje informacje na temat naglowka pliku .aajw.</emphasis></para>
                    </listitem>
                </itemizedlist>
            </para>
            <para>
                <itemizedlist>
                    <listitem>
                        <para>struct <link linkend="struct_a_hdr_1_1_a_a_j_w_h_e_a_d_e_r">AHdr::AAJWHEADER</link></para>
<para><emphasis>struktura reprezentujaca naglowek pliku .aajw</emphasis></para>
                    </listitem>
                </itemizedlist>
            </para>
        </section>
    <simplesect>
        <title>Opis szczegółowy</title>
    <para>Definition in file C:/Users/Blazejek/Desktop/QT/test4/aajw_header.h</para>
    </simplesect>
</section>
