<?xml version='1.0' encoding='UTF-8' standalone='no'?>
<section xmlns="http://docbook.org/ns/docbook" version="5.0" xmlns:xlink="http://www.w3.org/1999/xlink" xml:id="byterun__c_8cpp">
    <title>byterun_c.cpp File Reference</title>
    <programlisting>#include &quot;ByteRun_c.h&quot;</programlisting>
<para>Include dependency diagram for byterun_c.cpp</para>
<para>
    <figure>
        <title>Dependency diagram</title>
        <mediaobject>
            <imageobject>
                <imagedata width="50%" align="center" valign="middle" scalefit="1" fileref="byterun__c_8cpp__incl.png"></imagedata>
            </imageobject>
        </mediaobject>
    </figure>
</para>
<para>Included by dependency diagram for byterun_c.cpp</para>
<para>
    <figure>
        <title>Dependency diagram</title>
        <mediaobject>
            <imageobject>
                <imagedata width="50%" align="center" valign="middle" scalefit="1" fileref="byterun__c_8cpp__dep__incl.png"></imagedata>
            </imageobject>
        </mediaobject>
    </figure>
</para>
        <simplesect>
            <title> Przestrzenie nazw </title>
            <para>
                <itemizedlist>
                    <listitem>
                        <para>struct <link linkend="namespacestd">std</link></para>
                    </listitem>
                </itemizedlist>
            </para>
        </simplesect>
    <simplesect>
        <title>Opis szczegółowy</title>
    <para>Definition in file C:/Users/Blazejek/Desktop/QT/test4/byterun_c.cpp</para>
    </simplesect>
</section>
