<?xml version='1.0' encoding='UTF-8' standalone='no'?>
<section xmlns="http://docbook.org/ns/docbook" version="5.0" xmlns:xlink="http://www.w3.org/1999/xlink" xml:id="class_r_l_e__c">
<title>RLE_c class Reference</title>
<para>
    <programlisting>#include <link linkend="rle__c_8h">&lt;rle_c.h&gt;</link></programlisting>
</para>
<para>Inheritance diagram for RLE_c</para>
<para>
    <figure>
        <title>Inheritance graph</title>
        <mediaobject>
            <imageobject>
                <imagedata width="50%" align="center" valign="middle" scalefit="1" fileref="class_r_l_e__c__inherit__graph.png"></imagedata>
            </imageobject>
        </mediaobject>
    </figure>
</para>
<para>Collaboration diagram for RLE_c</para>
<para>
    <figure>
        <title>Collaboration graph</title>
        <mediaobject>
            <imageobject>
                <imagedata width="50%" align="center" valign="middle" scalefit="1" fileref="class_r_l_e__c__coll__graph.png"></imagedata>
            </imageobject>
        </mediaobject>
    </figure>
</para>
        <section>
            <title></title>
            <para>
                <itemizedlist>
                    <listitem>
                        <para> <link linkend="class_r_l_e__c_1af32e6ddf593643f166385407a46b68f9">RLE_c</link> (
)</para>
                    </listitem>
                </itemizedlist>
            </para>
            <para>
                <itemizedlist>
                    <listitem>
                        <para>virtual <link linkend="class_r_l_e__c_1a35f8d988b01f9cad7a049a436e268b61">~RLE_c</link> (
)</para>
                    </listitem>
                </itemizedlist>
            </para>
        </section>
        <section>
            <title></title>
            <para>
                <itemizedlist>
                    <listitem>
                        <para>static std::vector&lt; uint8_t &gt; <link linkend="class_r_l_e__c_1a83ed7b1c5835db041ba20271d013aded">compress_RLE_1s</link> (
std::vector&lt; uint8_t &gt; &amp; Vec)<para><emphasis>compress_RLE_1s - kompresja RLE na jednym bicie -tylko dla kompresji 7 bit stratnej</emphasis></para>
</para>
                    </listitem>
                </itemizedlist>
            </para>
            <para>
                <itemizedlist>
                    <listitem>
                        <para>static std::vector&lt; uint8_t &gt; <link linkend="class_r_l_e__c_1a0dbc987486cfce50b131a93f7de982a1">decompress_RLE_1s</link> (
std::vector&lt; uint8_t &gt; &amp; Vec)<para><emphasis>decompress_RLE_1s - dekompresja RLE na jednym bicie- tylko dla kompresji 7 bit stratnej</emphasis></para>
</para>
                    </listitem>
                </itemizedlist>
            </para>
            <para>
                <itemizedlist>
                    <listitem>
                        <para>static std::vector&lt; uint8_t &gt; <link linkend="class_r_l_e__c_1aae467377b405f29974395cd26bdd4b29">compress_RLE_3s</link> (
std::vector&lt; uint8_t &gt; &amp; Vec)<para><emphasis>compress_RLE_3s - kompresja RLE na trzech bitach -tylko dla kompresji 7 bit stratnej</emphasis></para>
</para>
                    </listitem>
                </itemizedlist>
            </para>
            <para>
                <itemizedlist>
                    <listitem>
                        <para>static std::vector&lt; uint8_t &gt; <link linkend="class_r_l_e__c_1a636d0b591cb4ca69d1fa32b46bbcf5b0">decompress_RLE_3s</link> (
std::vector&lt; uint8_t &gt; &amp; Vec)<para><emphasis>decompress_RLE_3s - dekompresja RLE na trzech bicie- tylko dla kompresji 7 bit stratnej</emphasis></para>
</para>
                    </listitem>
                </itemizedlist>
            </para>
            <para>
                <itemizedlist>
                    <listitem>
                        <para>static std::vector&lt; uint8_t &gt; <link linkend="class_r_l_e__c_1ae5facc4418b23b09618671375b274719">compress_RLE_1</link> (
std::vector&lt; uint8_t &gt; &amp; Vec)<para><emphasis>compress_RLE_1 - kompresja RLE po jednym bicie</emphasis></para>
</para>
                    </listitem>
                </itemizedlist>
            </para>
            <para>
                <itemizedlist>
                    <listitem>
                        <para>static std::vector&lt; uint8_t &gt; <link linkend="class_r_l_e__c_1a797767dbc9b61ddde3e5091345dacae6">decompress_RLE_1</link> (
std::vector&lt; uint8_t &gt; &amp; Vec)<para><emphasis>decompress_RLE_1 - dekompresja RLE po jednym bicie</emphasis></para>
</para>
                    </listitem>
                </itemizedlist>
            </para>
            <para>
                <itemizedlist>
                    <listitem>
                        <para>static std::vector&lt; uint8_t &gt; <link linkend="class_r_l_e__c_1a5d902dd8d2dea1ae23534c161ba3a1e2">compress_RLE_3</link> (
std::vector&lt; uint8_t &gt; &amp; Vec)<para><emphasis>compress_RLE_3 - kompresja RLE po trzy bity</emphasis></para>
</para>
                    </listitem>
                </itemizedlist>
            </para>
            <para>
                <itemizedlist>
                    <listitem>
                        <para>static std::vector&lt; uint8_t &gt; <link linkend="class_r_l_e__c_1aac9f1490954aa14154db0e6892ceb872">decompress_RLE_3</link> (
std::vector&lt; uint8_t &gt; &amp; Vec)<para><emphasis>decompress_RLE_3 - dekompresja RLE po trzy bity</emphasis></para>
</para>
                    </listitem>
                </itemizedlist>
            </para>
        </section>
    <simplesect>

<para>Algorytmy kompresji RLE. </para>
    </simplesect>
        <simplesect>
            <title>Opis szczegółowy</title>

<para>Klasa zawierajaca algorytmy kompresji oraz dekompresji RLE. Klasa zawiera 4 rozne podejscia: RLE_1s - uzywana tylko w wypadku zastosowania kompresji stratnej- uzywa &quot;magicznej liczby&quot; jako oznaczenie powtarzanej sekwencji, porownuje dane po 1 bicie RLE_3s - uzywana tylko w wypadku zastosowania kompresji stratnej- uzywa &quot;magicznej liczby&quot; jako oznaczenie powtarzanej sekwencji, porownuje dane po 3 bity RLE_1 - porownuje dane z wektora wejsciowego po jednym bicie RLE_3 - porownuje dane z wektora wejsciowego czytajac po trzy bity (1 pixel) </para>
                <para>Definition at line 7 of file rle_c.h</para>
                <para>The Documentation for this struct was generated from the following file: </para>
                <para><itemizedlist><listitem><para>rle_c.h</para></listitem></itemizedlist></para>
        </simplesect>
            <section xml:id="class_r_l_e__c_1af32e6ddf593643f166385407a46b68f9">
                <title>RLE_c::RLE_c ()</title> <emphasis></emphasis>
                
<para>Konstruktor </para>

            </section>
            <section xml:id="class_r_l_e__c_1a35f8d988b01f9cad7a049a436e268b61">
                <title>RLE_c::~RLE_c ()</title> <emphasis></emphasis>
                
<para>Destruktor </para>

            </section>
            <section xml:id="class_r_l_e__c_1a83ed7b1c5835db041ba20271d013aded">
                <title>std::vector&lt; uint8_t &gt; RLE_c::compress_RLE_1s (std::vector&lt; uint8_t &gt; &amp;Vec)</title> <emphasis>compress_RLE_1s - kompresja RLE na jednym bicie -tylko dla kompresji 7 bit stratnej</emphasis>
                
<para>Funkcja jako argument przyjmuje wektor typu uint8_t zawierajacy dane liczbowe - wartosci poszczegolnych pikseli. Ta wersja dziala prawidlowo dla wektorow poddanych stratnej kompresji 7 bit, czyli dla wektorow zawierajacych wartosci 1-255. Zwraca wektor wyjsciowy zawierajacy ilosc powtorzen poszczegolnych wartosci oraz w odpowiednich miejscach oznaczenia powtarzajacej sie sekwencji - zastosowano &apos;0&apos;. Szczegolowy opis dzialania w pliku <link linkend="_r_l_e__c_8cpp">RLE_c.cpp</link> 
                <formalpara>
                    <title/>
                    <table frame="all">
                        <title>Parametry                        </title>
                        <tgroup cols="2" align="left" colsep="1" rowsep="1">
                        <colspec colwidth="1*"/>
                        <colspec colwidth="4*"/>
                        <tbody>
                            <row>
                                <entry>Vec</entry>
                                <entry>
<para>wektor z danymi typu uint8_t po kompresji 7 bit stratnej, czyli zawierajacy wartosci 1-255</para>
</entry>
                            </row>
                        </tbody>
                        </tgroup>
                    </table>
                </formalpara>
                <formalpara><title>Zwraca: </title>

<para>wyjscie wektor po kompresji </para>
</formalpara>
<formalpara><title>Ostrzeżenie: </title>

<para>Kompresja zadziala prawidlowo tylko dla wektorow zawierajacych wartosci 1-255, dla pozostalych nie bedzie mozliwa prawidlowa dekompresja. </para>
</formalpara>
</para>

            </section>
            <section xml:id="class_r_l_e__c_1a0dbc987486cfce50b131a93f7de982a1">
                <title>std::vector&lt; uint8_t &gt; RLE_c::decompress_RLE_1s (std::vector&lt; uint8_t &gt; &amp;Vec)</title> <emphasis>decompress_RLE_1s - dekompresja RLE na jednym bicie- tylko dla kompresji 7 bit stratnej</emphasis>
                
<para>Funkcja jako argument przyjmuje wektor typu uint8_t zawierajacy wartosci-informacje o pikselach, ilosc ich powtorzen oraz w odpowiednich miejscach oznaczenia powtarzajacych sie sekwencji - zastosowano &apos;0&apos;. Ta wersja zadziala prawidlowo tylko gdy oryginalny wektor poddany kompresji byl wczesniej poddany stratnej kompresji 7 bit, czyli zawieral wartosci 1-255. Zwraca wektor wyjsciowy zawierajacy dane odczytane ze skompresowanego wektora podanego na wejsciu. Szczegolowy opis dzialania w pliku <link linkend="_r_l_e__c_8cpp">RLE_c.cpp</link> 
                <formalpara>
                    <title/>
                    <table frame="all">
                        <title>Parametry                        </title>
                        <tgroup cols="2" align="left" colsep="1" rowsep="1">
                        <colspec colwidth="1*"/>
                        <colspec colwidth="4*"/>
                        <tbody>
                            <row>
                                <entry>Vec</entry>
                                <entry>
<para>wektor z danymi typu uint8_t</para>
</entry>
                            </row>
                        </tbody>
                        </tgroup>
                    </table>
                </formalpara>
                <formalpara><title>Zwraca: </title>

<para>wyjscie wektor po kompresji </para>
</formalpara>
<formalpara><title>Ostrzeżenie: </title>

<para>Dekompresja zadziala prawidlowo tylko gdy oryginalny wektor poddany kompresji zawieral wartosci 1-255, dla innych wektorow nie bedzie mozliwa prawidlowa dekompresja. </para>
</formalpara>
</para>

            </section>
            <section xml:id="class_r_l_e__c_1aae467377b405f29974395cd26bdd4b29">
                <title>std::vector&lt; uint8_t &gt; RLE_c::compress_RLE_3s (std::vector&lt; uint8_t &gt; &amp;Vec)</title> <emphasis>compress_RLE_3s - kompresja RLE na trzech bitach -tylko dla kompresji 7 bit stratnej</emphasis>
                
<para>Funkcja jako argument przyjmje wektor typu uint8_t zawierajacy dane liczbowe - wartosci dla poszczegolnych pikseli. Porownuje ona dwa kolejne zbiory po 3 wartosci z wektora wejsciowego (R,G,B)- caly piksel. Ta wersja dziala prawidlowo tylko dla wektorow poddanych stratnej kompresji 7 bit, czyli dla wektorow zawierajacych wartosci 1-255. Umozliwia to oznaczenie powtarzajacych sie wartosci &quot;magiczna liczna&quot;. Funkcja zwraca wektor wyjsciowy zawierajacy ilosc powtorzen poszczegolnych wartosci oraz w odpowiednich miejscach oznaczenia powtarzajacej sie sekwencji - zastosowano &apos;0&apos;. Szczegolowy opis dzialania w pliku <link linkend="_r_l_e__c_8cpp">RLE_c.cpp</link> 
                <formalpara>
                    <title/>
                    <table frame="all">
                        <title>Parametry                        </title>
                        <tgroup cols="2" align="left" colsep="1" rowsep="1">
                        <colspec colwidth="1*"/>
                        <colspec colwidth="4*"/>
                        <tbody>
                            <row>
                                <entry>Vec</entry>
                                <entry>
<para>wektor z danymi typu uint8_t po kompresji 7 bit stratnej, czyli zawierajacy wartosci 1-255</para>
</entry>
                            </row>
                        </tbody>
                        </tgroup>
                    </table>
                </formalpara>
                <formalpara><title>Zwraca: </title>

<para>wyjscie wektor po kompresji </para>
</formalpara>
<formalpara><title>Ostrzeżenie: </title>

<para>Kompresja zadziala prawidlowo tylko dla wektorow zawierajacych wartosci 1-255, dla pozostalych nie bedzie mozliwa prawidlowa dekompresja. </para>
</formalpara>
</para>

            </section>
            <section xml:id="class_r_l_e__c_1a636d0b591cb4ca69d1fa32b46bbcf5b0">
                <title>std::vector&lt; uint8_t &gt; RLE_c::decompress_RLE_3s (std::vector&lt; uint8_t &gt; &amp;Vec)</title> <emphasis>decompress_RLE_3s - dekompresja RLE na trzech bicie- tylko dla kompresji 7 bit stratnej</emphasis>
                
<para>Funkcja jako argument przyjmuje wektor typu uint8_t zawierajacy wartosci-informacje o pikselach, ilosc ich powtorzen oraz w odpowiednich miejscach oznaczenia powtarzajacych sie sekwencji - zastosowano &apos;0&apos;. Ta wersja zadziala prawidlowo tylko gdy oryginalny wektor poddany kompresji byl wczesniej poddany stratnej kompresji 7 bit, czyli zawieral wartosci 1-255. Zwraca wektor wyjsciowy zawierajacy dane odczytane ze skompresowanego wektora podanego na wejsciu. Szczegolowy opis dzialania w pliku <link linkend="_r_l_e__c_8cpp">RLE_c.cpp</link> 
                <formalpara>
                    <title/>
                    <table frame="all">
                        <title>Parametry                        </title>
                        <tgroup cols="2" align="left" colsep="1" rowsep="1">
                        <colspec colwidth="1*"/>
                        <colspec colwidth="4*"/>
                        <tbody>
                            <row>
                                <entry>Vec</entry>
                                <entry>
<para>wektor z danymi typu uint8_t</para>
</entry>
                            </row>
                        </tbody>
                        </tgroup>
                    </table>
                </formalpara>
                <formalpara><title>Zwraca: </title>

<para>wyjscie wektor po kompresji </para>
</formalpara>
<formalpara><title>Ostrzeżenie: </title>

<para>Dekompresja zadziala prawidlowo tylko gdy oryginalny wektor poddany kompresji zawieral wartosci 1-255, dla innych wektorow nie bedzie mozliwa prawidlowa dekompresja. </para>
</formalpara>
</para>

            </section>
            <section xml:id="class_r_l_e__c_1ae5facc4418b23b09618671375b274719">
                <title>std::vector&lt; uint8_t &gt; RLE_c::compress_RLE_1 (std::vector&lt; uint8_t &gt; &amp;Vec)</title> <emphasis>compress_RLE_1 - kompresja RLE po jednym bicie</emphasis>
                
<para>Funkcja jako argument przyjmuje wektor typu uint8_t zawierajacy dane liczbowe - wartosci poszczegolnych pikseli. Funkcja porownuje dane z wektora wejsciowego po jednym bicie, zostala napisana glownie z mysla o obrazach w skali szarosci. Zwraca wektor wyjsciowy zawierajacy ilosc powtorzen poszczegolnych wartosci. Szczegolowy opis dzialania w pliku <link linkend="_r_l_e__c_8cpp">RLE_c.cpp</link> 
                <formalpara>
                    <title/>
                    <table frame="all">
                        <title>Parametry                        </title>
                        <tgroup cols="2" align="left" colsep="1" rowsep="1">
                        <colspec colwidth="1*"/>
                        <colspec colwidth="4*"/>
                        <tbody>
                            <row>
                                <entry>Vec</entry>
                                <entry>
<para>wektor z danymi typu uint8_t</para>
</entry>
                            </row>
                        </tbody>
                        </tgroup>
                    </table>
                </formalpara>
                <formalpara><title>Zwraca: </title>

<para>wyjscie wektor po kompresji </para>
</formalpara>
</para>

            </section>
            <section xml:id="class_r_l_e__c_1a797767dbc9b61ddde3e5091345dacae6">
                <title>std::vector&lt; uint8_t &gt; RLE_c::decompress_RLE_1 (std::vector&lt; uint8_t &gt; &amp;Vec)</title> <emphasis>decompress_RLE_1 - dekompresja RLE po jednym bicie</emphasis>
                
<para>Funkcja jako argument przyjmuje wektor typu uint8_t zawierajacy wartosci-informacje o pikselach oraz ilosc ich powtorzen. Zwraca wektor wyjsciowy zawierajacy dane odczytane ze skompresowanego wektora podanego na wejsciu - zapis po jednym bicie. Szczegolowy opis dzialania w pliku <link linkend="_r_l_e__c_8cpp">RLE_c.cpp</link> 
                <formalpara>
                    <title/>
                    <table frame="all">
                        <title>Parametry                        </title>
                        <tgroup cols="2" align="left" colsep="1" rowsep="1">
                        <colspec colwidth="1*"/>
                        <colspec colwidth="4*"/>
                        <tbody>
                            <row>
                                <entry>Vec</entry>
                                <entry>
<para>wektor z danymi typu uint8_t</para>
</entry>
                            </row>
                        </tbody>
                        </tgroup>
                    </table>
                </formalpara>
                <formalpara><title>Zwraca: </title>

<para>wyjscie wektor po dekompresji </para>
</formalpara>
</para>

            </section>
            <section xml:id="class_r_l_e__c_1a5d902dd8d2dea1ae23534c161ba3a1e2">
                <title>std::vector&lt; uint8_t &gt; RLE_c::compress_RLE_3 (std::vector&lt; uint8_t &gt; &amp;Vec)</title> <emphasis>compress_RLE_3 - kompresja RLE po trzy bity</emphasis>
                
<para>Funkcja jako argument przyjmuje wektor typu uint8_t zawierajacy dane liczbowe - wartosci poszczegolnych pikseli. Zwraca wektor wyjsciowy zawierajacy ilosc powtorzen piksela - funkcja porownuje dwa kolejne zbiory po 3 wartosci z wektora wejsciowego (R,G,B). Szczegolowy opis dzialania w pliku <link linkend="_r_l_e__c_8cpp">RLE_c.cpp</link> 
                <formalpara>
                    <title/>
                    <table frame="all">
                        <title>Parametry                        </title>
                        <tgroup cols="2" align="left" colsep="1" rowsep="1">
                        <colspec colwidth="1*"/>
                        <colspec colwidth="4*"/>
                        <tbody>
                            <row>
                                <entry>Vec</entry>
                                <entry>
<para>wektor z danymi typu uint8_t</para>
</entry>
                            </row>
                        </tbody>
                        </tgroup>
                    </table>
                </formalpara>
                <formalpara><title>Zwraca: </title>

<para>wyjscie wektor po kompresji </para>
</formalpara>
</para>

            </section>
            <section xml:id="class_r_l_e__c_1aac9f1490954aa14154db0e6892ceb872">
                <title>std::vector&lt; uint8_t &gt; RLE_c::decompress_RLE_3 (std::vector&lt; uint8_t &gt; &amp;Vec)</title> <emphasis>decompress_RLE_3 - dekompresja RLE po trzy bity</emphasis>
                
<para>Funkcja jako argument przyjmuje wektor typu uint8_t zawierajacy wartosci-informacje o pikselach oraz ilosc ich powtorzen. Zwraca wektor wyjsciowy zawierajacy dane odczytane ze skompresowanego wektora podanego na wejsciu - zapis po trzy bity. Szczegolowy opis dzialania w pliku <link linkend="_r_l_e__c_8cpp">RLE_c.cpp</link> 
                <formalpara>
                    <title/>
                    <table frame="all">
                        <title>Parametry                        </title>
                        <tgroup cols="2" align="left" colsep="1" rowsep="1">
                        <colspec colwidth="1*"/>
                        <colspec colwidth="4*"/>
                        <tbody>
                            <row>
                                <entry>Vec</entry>
                                <entry>
<para>wektor z danymi typu uint8_t</para>
</entry>
                            </row>
                        </tbody>
                        </tgroup>
                    </table>
                </formalpara>
                <formalpara><title>Zwraca: </title>

<para>wyjscie wektor po dekompresji </para>
</formalpara>
</para>

            </section>
</section>
