<?xml version='1.0' encoding='UTF-8' standalone='no'?>
<section xmlns="http://docbook.org/ns/docbook" version="5.0" xmlns:xlink="http://www.w3.org/1999/xlink" xml:id="class_serialize">
<title>Serialize class Reference</title>
<para>
    <programlisting>#include <link linkend="serialize_8h">&lt;serialize.h&gt;</link></programlisting>
</para>
<para>Inheritance diagram for Serialize</para>
<para>
    <figure>
        <title>Inheritance graph</title>
        <mediaobject>
            <imageobject>
                <imagedata width="50%" align="center" valign="middle" scalefit="1" fileref="class_serialize__inherit__graph.png"></imagedata>
            </imageobject>
        </mediaobject>
    </figure>
</para>
<para>Collaboration diagram for Serialize</para>
<para>
    <figure>
        <title>Collaboration graph</title>
        <mediaobject>
            <imageobject>
                <imagedata width="50%" align="center" valign="middle" scalefit="1" fileref="class_serialize__coll__graph.png"></imagedata>
            </imageobject>
        </mediaobject>
    </figure>
</para>
        <section>
            <title></title>
            <para>
                <itemizedlist>
                    <listitem>
                        <para> <link linkend="class_serialize_1ab594f8f89b0be6b0c1439516a01fc7f7">Serialize</link> (
)</para>
                    </listitem>
                </itemizedlist>
            </para>
        </section>
        <section>
            <title></title>
            <para>
                <itemizedlist>
                    <listitem>
                        <para>static void <link linkend="class_serialize_1ab609be0ff33320f31d7847ac480db15f">uint32toLE</link> (
const uint32_t &amp; i, uint8_t *&amp; buf)</para>
                    </listitem>
                </itemizedlist>
            </para>
            <para>
                <itemizedlist>
                    <listitem>
                        <para>static void <link linkend="class_serialize_1ae6e370b0bca71a90db515f8b69958132">LEtouint32</link> (
uint32_t &amp; i, uint8_t *&amp; buf)</para>
                    </listitem>
                </itemizedlist>
            </para>
            <para>
                <itemizedlist>
                    <listitem>
                        <para>static void <link linkend="class_serialize_1a23098d6d7db295c7e3f2266406bd126b">uint16toLE</link> (
const uint16_t &amp; i, uint8_t *&amp; buf)</para>
                    </listitem>
                </itemizedlist>
            </para>
            <para>
                <itemizedlist>
                    <listitem>
                        <para>static void <link linkend="class_serialize_1acf727de12b60ebb500726465112089fe">LEtouint16</link> (
uint16_t &amp; i, uint8_t *&amp; buf)</para>
                    </listitem>
                </itemizedlist>
            </para>
            <para>
                <itemizedlist>
                    <listitem>
                        <para>static void <link linkend="class_serialize_1a5c0c543d956690babfdbd841a0e2f13a">int32toLE</link> (
const int32_t &amp; i, uint8_t *&amp; buf)</para>
                    </listitem>
                </itemizedlist>
            </para>
            <para>
                <itemizedlist>
                    <listitem>
                        <para>static void <link linkend="class_serialize_1a39edb101f0cfc02c49ddf3359ad52e64">LEtoint32</link> (
int32_t &amp; i, uint8_t *&amp; buf)</para>
                    </listitem>
                </itemizedlist>
            </para>
            <para>
                <itemizedlist>
                    <listitem>
                        <para>static void <link linkend="class_serialize_1a63b43d5cc32844b166f575ed4ea7188d">uint8toLE</link> (
const uint8_t &amp; i, uint8_t *&amp; buf)</para>
                    </listitem>
                </itemizedlist>
            </para>
            <para>
                <itemizedlist>
                    <listitem>
                        <para>static void <link linkend="class_serialize_1ae9dc2060262363c9ed1d1f4e9f77d06e">LEtouint8</link> (
uint8_t &amp; i, uint8_t *&amp; buf)</para>
                    </listitem>
                </itemizedlist>
            </para>
        </section>
    <simplesect>

<para>Serializacja typow danych do little endian. </para>
    </simplesect>
        <simplesect>
            <title>Opis szczegółowy</title>

<para>Klasa jest zbiorem metod umozliwiajacym (de)serializacje prostych typow do ujednoliconego sposobu zapisu danych. Wymaga ona przygotowanego bufora o odpowiedniej wielkosci do ktorego beda zapisywane i odczytywane dane.</para>

<para>Metody nie posiadaja zabezpieczenia na wypadek przekroczenia wielkosci bufora. Kontrola zostaje oddana uzytkownikowi.</para>

<para>Po kazdym wywolaniu metody, wskaznik (2. argument metod) bufora zostaje przesuniety o tyle pozycji ile zajmuje serializowana zmienna. Umozliwia to wywolywanie metody w petli bez potrzeby recznej inkrementacji wskaznika. </para>
                <para>Definition at line 7 of file serialize.h</para>
                <para>The Documentation for this struct was generated from the following file: </para>
                <para><itemizedlist><listitem><para>serialize.h</para></listitem></itemizedlist></para>
        </simplesect>
            <section xml:id="class_serialize_1ab594f8f89b0be6b0c1439516a01fc7f7">
                <title>Serialize::Serialize ()</title> <emphasis></emphasis>
                
            </section>
            <section xml:id="class_serialize_1ab609be0ff33320f31d7847ac480db15f">
                <title>void Serialize::uint32toLE (const uint32_t &amp;i, uint8_t *&amp;buf)</title> <emphasis></emphasis>
                
            </section>
            <section xml:id="class_serialize_1ae6e370b0bca71a90db515f8b69958132">
                <title>void Serialize::LEtouint32 (uint32_t &amp;i, uint8_t *&amp;buf)</title> <emphasis></emphasis>
                
            </section>
            <section xml:id="class_serialize_1a23098d6d7db295c7e3f2266406bd126b">
                <title>void Serialize::uint16toLE (const uint16_t &amp;i, uint8_t *&amp;buf)</title> <emphasis></emphasis>
                
            </section>
            <section xml:id="class_serialize_1acf727de12b60ebb500726465112089fe">
                <title>void Serialize::LEtouint16 (uint16_t &amp;i, uint8_t *&amp;buf)</title> <emphasis></emphasis>
                
            </section>
            <section xml:id="class_serialize_1a5c0c543d956690babfdbd841a0e2f13a">
                <title>void Serialize::int32toLE (const int32_t &amp;i, uint8_t *&amp;buf)</title> <emphasis></emphasis>
                
            </section>
            <section xml:id="class_serialize_1a39edb101f0cfc02c49ddf3359ad52e64">
                <title>void Serialize::LEtoint32 (int32_t &amp;i, uint8_t *&amp;buf)</title> <emphasis></emphasis>
                
            </section>
            <section xml:id="class_serialize_1a63b43d5cc32844b166f575ed4ea7188d">
                <title>void Serialize::uint8toLE (const uint8_t &amp;i, uint8_t *&amp;buf)</title> <emphasis></emphasis>
                
            </section>
            <section xml:id="class_serialize_1ae9dc2060262363c9ed1d1f4e9f77d06e">
                <title>void Serialize::LEtouint8 (uint8_t &amp;i, uint8_t *&amp;buf)</title> <emphasis></emphasis>
                
            </section>
</section>
