<?xml version='1.0' encoding='UTF-8' standalone='no'?>
<section xmlns="http://docbook.org/ns/docbook" version="5.0" xmlns:xlink="http://www.w3.org/1999/xlink" xml:id="class_a_hdr">
<title>AHdr class Reference</title>
<para>
    <programlisting>#include <link linkend="aajw__header_8h">&lt;aajw_header.h&gt;</link></programlisting>
</para>
<para>Inheritance diagram for AHdr</para>
<para>
    <figure>
        <title>Inheritance graph</title>
        <mediaobject>
            <imageobject>
                <imagedata width="50%" align="center" valign="middle" scalefit="1" fileref="class_a_hdr__inherit__graph.png"></imagedata>
            </imageobject>
        </mediaobject>
    </figure>
</para>
<para>Collaboration diagram for AHdr</para>
<para>
    <figure>
        <title>Collaboration graph</title>
        <mediaobject>
            <imageobject>
                <imagedata width="50%" align="center" valign="middle" scalefit="1" fileref="class_a_hdr__coll__graph.png"></imagedata>
            </imageobject>
        </mediaobject>
    </figure>
</para>
        <section>
            <title> Klasy </title>
            <para>
                <itemizedlist>
                    <listitem>
                        <para>struct <link linkend="struct_a_hdr_1_1_a_a_j_w_h_e_a_d_e_r">AHdr::AAJWHEADER</link></para>
<para><emphasis>struktura reprezentujaca naglowek pliku .aajw</emphasis></para>
                    </listitem>
                </itemizedlist>
            </para>
        </section>
        <section>
            <title></title>
            <para>
                <itemizedlist>
                    <listitem>
                            <para><literallayout>enum <link linkend="class_a_hdr_1a7905be4154d0d5ccdbd7b4e0e4a59383">AColor</link> {
<link linkend="class_a_hdr_1a7905be4154d0d5ccdbd7b4e0e4a59383a73a128f1fb102f2c510a69c64d275ddf">b_w</link>=1,
<link linkend="class_a_hdr_1a7905be4154d0d5ccdbd7b4e0e4a59383aca50000a180a293de0b27acb67a695cb">grey</link>=1,
<link linkend="class_a_hdr_1a7905be4154d0d5ccdbd7b4e0e4a59383aef70a6546536ccd835479f6cddc0188e">rgb</link>=3,
<link linkend="class_a_hdr_1a7905be4154d0d5ccdbd7b4e0e4a59383a7082a31b8759c9d59795876351ec63aa">rgba</link>=4
}</literallayout>
<para><emphasis>Obiekt enum przechowujacy wartosci wykorzystywanych w naglowku pliku .aajw.</emphasis></para>
</para>
                    </listitem>
                </itemizedlist>
            </para>
            <para>
                <itemizedlist>
                    <listitem>
                            <para><literallayout>enum <link linkend="class_a_hdr_1acfacae70f76a15f200eaafb7e4149ea7">AAJWCompression</link> {
<link linkend="class_a_hdr_1acfacae70f76a15f200eaafb7e4149ea7a334c4a4c42fdb79d7ebc3e73b517e6f8">none</link>=0,
<link linkend="class_a_hdr_1acfacae70f76a15f200eaafb7e4149ea7a5e0ba941a9750318bd93522568476ad8">rle</link>=1,
<link linkend="class_a_hdr_1acfacae70f76a15f200eaafb7e4149ea7affd951648f806ddbee00f8541c4a07df">byterun</link>=2,
<link linkend="class_a_hdr_1acfacae70f76a15f200eaafb7e4149ea7a6e5162b66413d7e4ffc68d94903f7ea0">rle3</link>=3,
<link linkend="class_a_hdr_1acfacae70f76a15f200eaafb7e4149ea7a59c053e1a1d4ca6b23a3123c46f20e4f">byterun3</link>=4
}</literallayout>
<para><emphasis>Obiekt enum przechowujacy wartosci wykorzystywanych w naglowku pliku .aajw.</emphasis></para>
</para>
                    </listitem>
                </itemizedlist>
            </para>
            <para>
                <itemizedlist>
                    <listitem>
                            <para><literallayout>enum <link linkend="class_a_hdr_1a01dcb9a5d7873d6808645afe873b5227">AAJW7bit</link> {
<link linkend="class_a_hdr_1a01dcb9a5d7873d6808645afe873b5227a2645226e2ce8d79a577b5e8136141ca6">lossy</link>=0,
<link linkend="class_a_hdr_1a01dcb9a5d7873d6808645afe873b5227a78a068b187a564f21b93e72acffcebc3">unpacked</link>=1
}</literallayout>
<para><emphasis>Obiekt enum przechowujacy wartosci wykorzystywanych w naglowku pliku .aajw.</emphasis></para>
</para>
                    </listitem>
                </itemizedlist>
            </para>
        </section>
        <section>
            <title></title>
            <para>
                <itemizedlist>
                    <listitem>
                        <para> <link linkend="class_a_hdr_1ae0e5c1931a8e406dec80ad482a0fc876">AHdr</link> (
)</para>
                    </listitem>
                </itemizedlist>
            </para>
        </section>
        <section>
            <title></title>
            <para>
                <itemizedlist>
                    <listitem>
                        <para>static std::vector&lt; uint8_t &gt; <link linkend="class_a_hdr_1aae5a53a4c25244003988916b78e4b8f4">serialize_header</link> (
<link linkend="struct_a_hdr_1_1_a_a_j_w_h_e_a_d_e_r">AHdr::AAJWHEADER</link> hdr)<para><emphasis>serializacja naglowka do little endian</emphasis></para>
</para>
                    </listitem>
                </itemizedlist>
            </para>
            <para>
                <itemizedlist>
                    <listitem>
                        <para>static <link linkend="struct_a_hdr_1_1_a_a_j_w_h_e_a_d_e_r">AHdr::AAJWHEADER</link> <link linkend="class_a_hdr_1ac7e0ac7fd6dc8fb8084ce0644d5bde7d">deserialize_header</link> (
std::vector&lt; uint8_t &gt; )<para><emphasis>deserializacja naglowka formatu .aajw z little endian</emphasis></para>
</para>
                    </listitem>
                </itemizedlist>
            </para>
            <para>
                <itemizedlist>
                    <listitem>
                        <para>static int <link linkend="class_a_hdr_1a71a973b675bf06717d598a3456bb062e">size_of_elements</link> (
)<para><emphasis>zwraca sume rozmiarow elementow</emphasis></para>
</para>
                    </listitem>
                </itemizedlist>
            </para>
        </section>
    <simplesect>

<para>Klasa przechowuje informacje na temat naglowka pliku .aajw. </para>
    </simplesect>
        <simplesect>
            <title>Opis szczegółowy</title>

<para>Klasa sklada sie z struktury opisujacej sposob przechowywania danych w opracowanym formacie pliku graficznego. Klasa dopuszcza przechowywanie pliku w postaci skompresowanego w sposob bezstratny lub stratny poprzez uzycie metod z klasy SBC opisanych w <link linkend="sevenbitcomp_8h">SevenBitComp.h</link> , jak i skompresowanych szeregiem metod opisanych w <link linkend="rle__c_8h">rle_c.h</link> oraz <link linkend="byterun__c_8h">byterun_c.h</link>. Obraz moze byc przechowywany jako 32-bitowe wartosci w formacie RGBA, 24-bitowe w formacie RGB, 8-bitowe w formacie skali szarosci oraz 8-bitowej wersji monochromatycznej.</para>

<para>Dostepne metody kompresji dzialaja w roznym stopniu. Zastosowanie skompresowania bezstratnego (upakowanie do 7 bitow), powodowuje, ze domyslne implementacje algorytmow RLE i ByteRun zawodza z powodu wykorzystania calego zakresu dostepnego typu (0-255), podczas gdy spisuja sie on gdy dostepna jest przynajmniej czesc wartosci. Zastosowanie polaczenia bezstratnego upakowania i kompresji RLE/ByteRun moze spowodowac, ze otrzymany plik bedzie 2 krotnie wiekszy, podczas gdy samo upakowanie gwarantuje plik zawsze mniejszy o staly ulamek. Z tego powodu zostaly zaimplementowane 2 wersje kazdego algorytmu: -dla upakowania bezstratnego -dla upakowania stratnego</para>

<para>Klasa dziedziczy metody z klasy <link linkend="class_serialize">Serialize</link> ktora zapewnia serializacje podstawowych typow danych. </para>
                <para>Definition at line 10 of file aajw_header.h</para>
                <para>The Documentation for this struct was generated from the following file: </para>
                <para><itemizedlist><listitem><para>aajw_header.h</para></listitem></itemizedlist></para>
        </simplesect>
            <section xml:id="class_a_hdr_1a7905be4154d0d5ccdbd7b4e0e4a59383">
               <title>enum AColor </title>
               
<para><link linkend="aajw__header_8h">aajw_header.h</link></para>

<para>Obiekt przechowuje dostepne wartosci jako uint8_t </para>

               <formalpara>
                    <title>Wartości wyliczeń:</title>
                    <variablelist>
                        <varlistentry xml:id="class_a_hdr_1a7905be4154d0d5ccdbd7b4e0e4a59383a73a128f1fb102f2c510a69c64d275ddf">
                            <term>b_w</term>
                            <listitem>
                                <para></para>
                            </listitem>
                        </varlistentry>
                        <varlistentry xml:id="class_a_hdr_1a7905be4154d0d5ccdbd7b4e0e4a59383aca50000a180a293de0b27acb67a695cb">
                            <term>grey</term>
                            <listitem>
                                <para></para>
                            </listitem>
                        </varlistentry>
                        <varlistentry xml:id="class_a_hdr_1a7905be4154d0d5ccdbd7b4e0e4a59383aef70a6546536ccd835479f6cddc0188e">
                            <term>rgb</term>
                            <listitem>
                                <para></para>
                            </listitem>
                        </varlistentry>
                        <varlistentry xml:id="class_a_hdr_1a7905be4154d0d5ccdbd7b4e0e4a59383a7082a31b8759c9d59795876351ec63aa">
                            <term>rgba</term>
                            <listitem>
                                <para></para>
                            </listitem>
                        </varlistentry>
                     </variablelist>
                </formalpara>
                <para>Definition at line 69 of file aajw_header.h
                    <computeroutput><literallayout>
{
b_w=1, 
grey=1, 
rgb=3, 
rgba=4, 
}AColor;
                    </literallayout></computeroutput>
                </para>
            </section>
            <section xml:id="class_a_hdr_1acfacae70f76a15f200eaafb7e4149ea7">
               <title>enum AAJWCompression </title>
               
<para><link linkend="aajw__header_8h">aajw_header.h</link></para>

<para>Obiekt przechowuje dostepne wartosci jako uint8_t </para>

               <formalpara>
                    <title>Wartości wyliczeń:</title>
                    <variablelist>
                        <varlistentry xml:id="class_a_hdr_1acfacae70f76a15f200eaafb7e4149ea7a334c4a4c42fdb79d7ebc3e73b517e6f8">
                            <term>none</term>
                            <listitem>
                                <para></para>
                            </listitem>
                        </varlistentry>
                        <varlistentry xml:id="class_a_hdr_1acfacae70f76a15f200eaafb7e4149ea7a5e0ba941a9750318bd93522568476ad8">
                            <term>rle</term>
                            <listitem>
                                <para></para>
                            </listitem>
                        </varlistentry>
                        <varlistentry xml:id="class_a_hdr_1acfacae70f76a15f200eaafb7e4149ea7affd951648f806ddbee00f8541c4a07df">
                            <term>byterun</term>
                            <listitem>
                                <para></para>
                            </listitem>
                        </varlistentry>
                        <varlistentry xml:id="class_a_hdr_1acfacae70f76a15f200eaafb7e4149ea7a6e5162b66413d7e4ffc68d94903f7ea0">
                            <term>rle3</term>
                            <listitem>
                                <para></para>
                            </listitem>
                        </varlistentry>
                        <varlistentry xml:id="class_a_hdr_1acfacae70f76a15f200eaafb7e4149ea7a59c053e1a1d4ca6b23a3123c46f20e4f">
                            <term>byterun3</term>
                            <listitem>
                                <para></para>
                            </listitem>
                        </varlistentry>
                     </variablelist>
                </formalpara>
                <para>Definition at line 89 of file aajw_header.h
                    <computeroutput><literallayout>
{
none=0, 
rle=1, 
byterun=2, 
rle3=3, 
byterun3=4, 
}AAJWCompression;
                    </literallayout></computeroutput>
                </para>
            </section>
            <section xml:id="class_a_hdr_1a01dcb9a5d7873d6808645afe873b5227">
               <title>enum AAJW7bit </title>
               
<para><link linkend="aajw__header_8h">aajw_header.h</link></para>

<para>Obiekt przechowuje dostepne wartosci jako uint8_t. <formalpara><title>Ostrzeżenie: </title>

<para>Uzyta wartosc determinuje, ktora wersja algorytmu zostanie uzyta podczas odczytywania zawartosci pliku Aby uzyc poprawnych metod, nalezy zwrocic uwage na implementacje dostepnych algorytmow dla wersji w ktorej wykorzystywane sa oprocz kompakcji bitow dodatkowe metody kompresji. </para>
</formalpara>
</para>

               <formalpara>
                    <title>Wartości wyliczeń:</title>
                    <variablelist>
                        <varlistentry xml:id="class_a_hdr_1a01dcb9a5d7873d6808645afe873b5227a2645226e2ce8d79a577b5e8136141ca6">
                            <term>lossy</term>
                            <listitem>
                                <para></para>
                            </listitem>
                        </varlistentry>
                        <varlistentry xml:id="class_a_hdr_1a01dcb9a5d7873d6808645afe873b5227a78a068b187a564f21b93e72acffcebc3">
                            <term>unpacked</term>
                            <listitem>
                                <para></para>
                            </listitem>
                        </varlistentry>
                     </variablelist>
                </formalpara>
                <para>Definition at line 109 of file aajw_header.h
                    <computeroutput><literallayout>
{
lossy=0, 
unpacked=1, 
}AAJW7bit;
                    </literallayout></computeroutput>
                </para>
            </section>
            <section xml:id="class_a_hdr_1ae0e5c1931a8e406dec80ad482a0fc876">
                <title>AHdr::AHdr ()</title> <emphasis></emphasis>
                
            </section>
            <section xml:id="class_a_hdr_1aae5a53a4c25244003988916b78e4b8f4">
                <title>std::vector&lt; uint8_t &gt; AHdr::serialize_header (AHdr::AAJWHEADER hdr)</title> <emphasis>serializacja naglowka do little endian</emphasis>
                
<para>
                <formalpara>
                    <title/>
                    <table frame="all">
                        <title>Parametry                        </title>
                        <tgroup cols="2" align="left" colsep="1" rowsep="1">
                        <colspec colwidth="1*"/>
                        <colspec colwidth="4*"/>
                        <tbody>
                            <row>
                                <entry>hdr</entry>
                                <entry>
<para>- naglowek formatu .aajw </para>
</entry>
                            </row>
                        </tbody>
                        </tgroup>
                    </table>
                </formalpara>
                <formalpara><title>Zwraca: </title>

<para>wektor zserializowanych danych </para>
</formalpara>
</para>

            </section>
            <section xml:id="class_a_hdr_1ac7e0ac7fd6dc8fb8084ce0644d5bde7d">
                <title>AHdr::AAJWHEADER AHdr::deserialize_header (std::vector&lt; uint8_t &gt;)</title> <emphasis>deserializacja naglowka formatu .aajw z little endian</emphasis>
                
<para><formalpara><title>Zwraca: </title>

<para>struktura naglowka wypelnona danymi z wektora </para>
</formalpara>
</para>

            </section>
            <section xml:id="class_a_hdr_1a71a973b675bf06717d598a3456bb062e">
                <title>int AHdr::size_of_elements ()</title> <emphasis>zwraca sume rozmiarow elementow</emphasis>
                
<para><formalpara><title>Ostrzeżenie: </title>

<para>wartosc nie musi byc rowna sizeof(AAJWHEADER) </para>
</formalpara>
<formalpara><title>Zwraca: </title>

<para>liczba bajtow </para>
</formalpara>
</para>

            </section>
</section>
