<?xml version='1.0' encoding='UTF-8' standalone='no'?>
<section xmlns="http://docbook.org/ns/docbook" version="5.0" xmlns:xlink="http://www.w3.org/1999/xlink" xml:id="class_vec___extr">
<title>Vec_Extr class Reference</title>
<para>
    <programlisting>#include <link linkend="vec__extr_8h">&lt;vec_extr.h&gt;</link></programlisting>
</para>
<para>Inheritance diagram for Vec_Extr</para>
<para>
    <figure>
        <title>Inheritance graph</title>
        <mediaobject>
            <imageobject>
                <imagedata width="50%" align="center" valign="middle" scalefit="1" fileref="class_vec___extr__inherit__graph.png"></imagedata>
            </imageobject>
        </mediaobject>
    </figure>
</para>
<para>Collaboration diagram for Vec_Extr</para>
<para>
    <figure>
        <title>Collaboration graph</title>
        <mediaobject>
            <imageobject>
                <imagedata width="50%" align="center" valign="middle" scalefit="1" fileref="class_vec___extr__coll__graph.png"></imagedata>
            </imageobject>
        </mediaobject>
    </figure>
</para>
        <section>
            <title></title>
            <para>
                <itemizedlist>
                    <listitem>
                            <para><literallayout>enum <link linkend="class_vec___extr_1a8d7151eccfe7802f8a7ee13858efd092">color_mode</link> {
<link linkend="class_vec___extr_1a8d7151eccfe7802f8a7ee13858efd092a889574aebacda6bfd3e534e2b49b8028">RGB</link>,
<link linkend="class_vec___extr_1a8d7151eccfe7802f8a7ee13858efd092a68577b71e3dd6736f90f7726368600a0">GREYSCALE</link>,
<link linkend="class_vec___extr_1a8d7151eccfe7802f8a7ee13858efd092a4bae3663163819d5196b3201217486f6">GREYSCALE_AVG</link>,
<link linkend="class_vec___extr_1a8d7151eccfe7802f8a7ee13858efd092aa6098321da8717e3aee5484162bf5ed4">B_W</link>,
<link linkend="class_vec___extr_1a8d7151eccfe7802f8a7ee13858efd092a02bcf57989bdbf5da90ef5dd5bbcac10">INV_RGB</link>,
<link linkend="class_vec___extr_1a8d7151eccfe7802f8a7ee13858efd092aea3495a278957dc58165e48a8945469f">RGBA</link>
}</literallayout>
<para><emphasis>Enum, na podstawie ktorego zostaje wybrany odpowiedni tryb eksportu danych.</emphasis></para>
</para>
                    </listitem>
                </itemizedlist>
            </para>
        </section>
        <section>
            <title></title>
            <para>
                <itemizedlist>
                    <listitem>
                        <para> <link linkend="class_vec___extr_1a5a08e3bcfc30fdf31b48111571d3f5d6">Vec_Extr</link> (
)</para>
                    </listitem>
                </itemizedlist>
            </para>
            <para>
                <itemizedlist>
                    <listitem>
                        <para> <link linkend="class_vec___extr_1acc0e0b163873786ec7a30bf73c55e506">~Vec_Extr</link> (
)</para>
                    </listitem>
                </itemizedlist>
            </para>
        </section>
        <section>
            <title></title>
            <para>
                <itemizedlist>
                    <listitem>
                        <para>static std::vector&lt; uint8_t &gt; <link linkend="class_vec___extr_1a43e84d2878b1699d9016521b65e9f520">img_extract</link> (
sf::Image &amp; image, <link linkend="class_img_base_info">ImgBaseInfo</link> &amp; info, <link linkend="class_vec___extr_1a8d7151eccfe7802f8a7ee13858efd092">color_mode</link> flag)<para><emphasis>[VEC_EXTR COLOR_MODE]</emphasis></para>
</para>
                    </listitem>
                </itemizedlist>
            </para>
            <para>
                <itemizedlist>
                    <listitem>
                        <para>static std::vector&lt; uint8_t &gt; <link linkend="class_vec___extr_1ad794de22e48f50b897a3f238cd583944">img_extract</link> (
std::string name, <link linkend="class_img_base_info">ImgBaseInfo</link> &amp; info, <link linkend="class_vec___extr_1a8d7151eccfe7802f8a7ee13858efd092">color_mode</link> flag)<para><emphasis>img_extract - wyciaganie danych o pixelach z obiektu sf::Image na podstawie sciezki i nazwy do pliku</emphasis></para>
</para>
                    </listitem>
                </itemizedlist>
            </para>
            <para>
                <itemizedlist>
                    <listitem>
                        <para>static std::vector&lt; uint8_t &gt; <link linkend="class_vec___extr_1ab3db59adefb7cdbdb005190898338c34">PackVectorTo32Bit</link> (
std::vector&lt; uint8_t &gt; &amp; vector, int32_t w, int32_t h, <link linkend="class_vec___extr_1a8d7151eccfe7802f8a7ee13858efd092">color_mode</link> flag)<para><emphasis>Zapisanie wektora do 24-bitowej bitmapy.</emphasis></para>
</para>
                    </listitem>
                </itemizedlist>
            </para>
        </section>
        <section>
            <title></title>
            <para>
                <itemizedlist>
                    <listitem>
                        <para>static void <link linkend="class_vec___extr_1ad92b6521264618ee65846c5578d82a00">extract</link> (
std::vector&lt; uint8_t &gt; &amp; Vec, sf::Image &amp; image, <link linkend="class_img_base_info">ImgBaseInfo</link> &amp; info, <link linkend="class_vec___extr_1a8d7151eccfe7802f8a7ee13858efd092">color_mode</link> flag)<para><emphasis>extract - metoda pomocniczna ekstrakcji do wektora</emphasis></para>
</para>
                    </listitem>
                </itemizedlist>
            </para>
        </section>
    <simplesect>

<para>Wydobywanie pikseli z obiektu sf::image, padding i zapis do bitmapy. </para>
    </simplesect>
        <simplesect>
            <title>Opis szczegółowy</title>

<para>Klasa odpowiedzialna za wyciagniecie pikseli w pewnym okreslonym formacie. Udostepnia mozliwosc wykonania paddingu do 32bitow (4 bajty) zgodnie z formatem bitmapy</para>

<para>Klasa <link linkend="class_vec___extr">Vec_Extr</link> wymaga obecnosci biblioteki <link linkend="imgbaseinfo_8h">imgbaseinfo.h</link>, ktora zawiera obiekt do ktorego poprzez referencje zostaja zwrocone informacje o obrazie. Klasa dziedziczy po <link linkend="class_vec___b_m_p">Vec_BMP</link> metody zapisu wektora do bitmapy.</para>

<para>Wykorzystywana sa statyczne metody img_extract, która zwracaja pixele od dolnego lewego rogu, inkrementujac rzedy w gore w kolejnosci odwrotnej RGBA (ABGR). 
<literallayout>
</literallayout>
 Metody img_extract są obudowami dla prywatnej metody void <link linkend="class_vec___extr_1ad92b6521264618ee65846c5578d82a00">extract()</link> wykonujacej zczytanie informacji z obrazu. </para>
                <para>Definition at line 14 of file vec_extr.h</para>
                <para>The Documentation for this struct was generated from the following file: </para>
                <para><itemizedlist><listitem><para>vec_extr.h</para></listitem></itemizedlist></para>
        </simplesect>
            <section xml:id="class_vec___extr_1a8d7151eccfe7802f8a7ee13858efd092">
               <title>enum color_mode </title>
               
<para>[VEC_EXTR COLOR_MODE]</para>

<para><itemizedlist>
<listitem>
<para>Ustawienie odpowiedniego trybu <formalpara><title>Ostrzeżenie: </title>

<para>Metoda uzywajaca ten enum musi uwzgledniac kompatybilnosc z enum opisanym w <link linkend="class_img_base_info">ImgBaseInfo</link> <literallayout><computeroutput></computeroutput></literallayout><literallayout><computeroutput>//przyklad&#32;uzycia
ImgBaseInfo&#32;info;&#32;//zawiera&#32;zmienna&#32;data_model&#32;info
...
&#32;&#32;&#32;case&#32;RGB:
&#32;&#32;&#32;&#32;&#32;&#32;&#32;info.model=ImgBaseInfo::RGB;
</computeroutput></literallayout> </para>
</formalpara>
</para>
</listitem></itemizedlist>
</para>

               <formalpara>
                    <title>Wartości wyliczeń:</title>
                    <variablelist>
                        <varlistentry xml:id="class_vec___extr_1a8d7151eccfe7802f8a7ee13858efd092a889574aebacda6bfd3e534e2b49b8028">
                            <term>RGB</term>
                            <listitem>
                                <para></para>
                            </listitem>
                        </varlistentry>
                        <varlistentry xml:id="class_vec___extr_1a8d7151eccfe7802f8a7ee13858efd092a68577b71e3dd6736f90f7726368600a0">
                            <term>GREYSCALE</term>
                            <listitem>
                                <para></para>
                            </listitem>
                        </varlistentry>
                        <varlistentry xml:id="class_vec___extr_1a8d7151eccfe7802f8a7ee13858efd092a4bae3663163819d5196b3201217486f6">
                            <term>GREYSCALE_AVG</term>
                            <listitem>
                                <para></para>
                            </listitem>
                        </varlistentry>
                        <varlistentry xml:id="class_vec___extr_1a8d7151eccfe7802f8a7ee13858efd092aa6098321da8717e3aee5484162bf5ed4">
                            <term>B_W</term>
                            <listitem>
                                <para></para>
                            </listitem>
                        </varlistentry>
                        <varlistentry xml:id="class_vec___extr_1a8d7151eccfe7802f8a7ee13858efd092a02bcf57989bdbf5da90ef5dd5bbcac10">
                            <term>INV_RGB</term>
                            <listitem>
                                <para></para>
                            </listitem>
                        </varlistentry>
                        <varlistentry xml:id="class_vec___extr_1a8d7151eccfe7802f8a7ee13858efd092aea3495a278957dc58165e48a8945469f">
                            <term>RGBA</term>
                            <listitem>
                                <para></para>
                            </listitem>
                        </varlistentry>
                     </variablelist>
                </formalpara>
                <para>Definition at line 51 of file vec_extr.h
                    <computeroutput><literallayout>
{
RGB, 
GREYSCALE, 
GREYSCALE_AVG, 
B_W, 
INV_RGB, 
RGBA, 
}color_mode;
                    </literallayout></computeroutput>
                </para>
            </section>
            <section xml:id="class_vec___extr_1a5a08e3bcfc30fdf31b48111571d3f5d6">
                <title>Vec_Extr::Vec_Extr ()</title> <emphasis></emphasis>
                
            </section>
            <section xml:id="class_vec___extr_1acc0e0b163873786ec7a30bf73c55e506">
                <title>Vec_Extr::~Vec_Extr ()</title> <emphasis></emphasis>
                
            </section>
            <section xml:id="class_vec___extr_1a43e84d2878b1699d9016521b65e9f520">
                <title>std::vector&lt; uint8_t &gt; Vec_Extr::img_extract (sf::Image &amp;image, ImgBaseInfo &amp;info, color_mode flag=color_mode::RGB)</title> <emphasis>[VEC_EXTR COLOR_MODE]</emphasis>
                
<para>img_extract - wyciaganie danych o pixelach z obiektu sf::Image</para>

<para>Obiekt Image jest przekazywany poprzez referencje Ta wersja img_extract zwraca wektor typu uint8_t 
                <formalpara>
                    <title/>
                    <table frame="all">
                        <title>Parametry                        </title>
                        <tgroup cols="2" align="left" colsep="1" rowsep="1">
                        <colspec colwidth="1*"/>
                        <colspec colwidth="4*"/>
                        <tbody>
                            <row>
                                <entry>image</entry>
                                <entry>
<para>– obiekt sf::Image,z ktorego pobierane sa dane </para>
</entry>
                            </row>
                            <row>
                                <entry>info</entry>
                                <entry>
<para>- do obiektu zwracane sa podstawowe informacje zdefiniowane w <link linkend="class_img_base_info">ImgBaseInfo</link> </para>
</entry>
                            </row>
                            <row>
                                <entry>flag</entry>
                                <entry>
<para>– tryb pracy okreslany za pomoca typu enum color_mode </para>
</entry>
                            </row>
                        </tbody>
                        </tgroup>
                    </table>
                </formalpara>
                </para>

            </section>
            <section xml:id="class_vec___extr_1ad794de22e48f50b897a3f238cd583944">
                <title>std::vector&lt; uint8_t &gt; Vec_Extr::img_extract (std::string name, ImgBaseInfo &amp;info, color_mode flag=color_mode::RGB)</title> <emphasis>img_extract - wyciaganie danych o pixelach z obiektu sf::Image na podstawie sciezki i nazwy do pliku</emphasis>
                
<para>std::string przekazywany do funkcji Ta wersja img_extract zwraca wektor typu uint8_t 
                <formalpara>
                    <title/>
                    <table frame="all">
                        <title>Parametry                        </title>
                        <tgroup cols="2" align="left" colsep="1" rowsep="1">
                        <colspec colwidth="1*"/>
                        <colspec colwidth="4*"/>
                        <tbody>
                            <row>
                                <entry>name</entry>
                                <entry>
<para>– std::string bedacy sciezka i nazwa pliku </para>
</entry>
                            </row>
                            <row>
                                <entry>info</entry>
                                <entry>
<para>- do obiektu zwracane sa podstawowe informacje zdefiniowane w <link linkend="class_img_base_info">ImgBaseInfo</link> </para>
</entry>
                            </row>
                            <row>
                                <entry>flag</entry>
                                <entry>
<para>– tryb pracy okreslany za pomoca typu enum color_mode </para>
</entry>
                            </row>
                        </tbody>
                        </tgroup>
                    </table>
                </formalpara>
                </para>

            </section>
            <section xml:id="class_vec___extr_1ab3db59adefb7cdbdb005190898338c34">
                <title>std::vector&lt; uint8_t &gt; Vec_Extr::PackVectorTo32Bit (std::vector&lt; uint8_t &gt; &amp;vector, int32_t w, int32_t h, color_mode flag=color_mode::RGB)</title> <emphasis>Zapisanie wektora do 24-bitowej bitmapy.</emphasis>
                
<para>
                <formalpara>
                    <title/>
                    <table frame="all">
                        <title>Parametry                        </title>
                        <tgroup cols="2" align="left" colsep="1" rowsep="1">
                        <colspec colwidth="1*"/>
                        <colspec colwidth="4*"/>
                        <tbody>
                            <row>
                                <entry>vector</entry>
                                <entry>
<para>- wektor z danymi </para>
</entry>
                            </row>
                            <row>
                                <entry>w</entry>
                                <entry>
<para>- szerokosc w pikselach </para>
</entry>
                            </row>
                            <row>
                                <entry>h</entry>
                                <entry>
<para>- wysokosc w pikselach </para>
</entry>
                            </row>
                            <row>
                                <entry>flag</entry>
                                <entry>
<para>- enum, na podstawie ktorego wybrane zostanie odpowiedni dobor paddingu</para>
</entry>
                            </row>
                        </tbody>
                        </tgroup>
                    </table>
                </formalpara>
                Metoda zwracajaca nowy wektor danych, w ktorym dodano padding (do 32bit) na podstawie szerokosci obrazu w pikselach. W przypadku, gdy wektor wejsciowy jest pusty lub nie wymaga paddingu, to zostanie zwrocona kopia wejsciowego wektora. W przypadku wyboru niewspieranej opcji na podstawie dostepnych opcji metoda zwroci rowniez pusty wektor.</para>

<para>argument flag przyjmujac wartosc <table frame="all">
    <title></title>
    <tgroup cols="2" align="left" colsep="1" rowsep="1">
    <tbody>
<row>
<entry>
<para>flag </para>
</entry><entry>
<para>bpp  </para>
</entry></row>
<row>
<entry>
<para>RGBA </para>
</entry><entry>
<para>32 </para>
</entry></row>
<row>
<entry>
<para>RGB </para>
</entry><entry>
<para>24 </para>
</entry></row>
<row>
<entry>
<para>GREYSCALE </para>
</entry><entry>
<para>1 </para>
</entry></row>
    </tbody>
    </tgroup>
</table>
</para>

            </section>
            <section xml:id="class_vec___extr_1ad92b6521264618ee65846c5578d82a00">
                <title>void Vec_Extr::extract (std::vector&lt; uint8_t &gt; &amp;Vec, sf::Image &amp;image, ImgBaseInfo &amp;info, color_mode flag)</title> <emphasis>extract - metoda pomocniczna ekstrakcji do wektora</emphasis>
                
<para>Wywolywana przez kazde przeladowanie metody img_extract. Obiekty sf::Image i std::vector musza byc przekazane przez referencje Wynik dzialania programu zostaje przekazany do wektora Ta wersja img_extract modyfikuje wektor typu uint8_t 
                <formalpara>
                    <title/>
                    <table frame="all">
                        <title>Parametry                        </title>
                        <tgroup cols="2" align="left" colsep="1" rowsep="1">
                        <colspec colwidth="1*"/>
                        <colspec colwidth="4*"/>
                        <tbody>
                            <row>
                                <entry>Vec</entry>
                                <entry>
<para>- wektor zawierajacy wynik </para>
</entry>
                            </row>
                            <row>
                                <entry>image</entry>
                                <entry>
<para>– obiekt sf::Image,z ktorego pobierane sa dane </para>
</entry>
                            </row>
                            <row>
                                <entry>info</entry>
                                <entry>
<para>- do obiektu zwracane sa podstawowe informacje zdefiniowane w <link linkend="class_img_base_info">ImgBaseInfo</link> </para>
</entry>
                            </row>
                            <row>
                                <entry>flag</entry>
                                <entry>
<para>– tryb pracy okreslany za pomoca typu enum color_mode </para>
</entry>
                            </row>
                        </tbody>
                        </tgroup>
                    </table>
                </formalpara>
                </para>

            </section>
</section>
