<?xml version='1.0' encoding='UTF-8' standalone='no'?>
<section xmlns="http://docbook.org/ns/docbook" version="5.0" xmlns:xlink="http://www.w3.org/1999/xlink" xml:id="class_img_base_info">
<title>ImgBaseInfo class Reference</title>
<para>
    <programlisting>#include <link linkend="imgbaseinfo_8h">&lt;imgbaseinfo.h&gt;</link></programlisting>
</para>
<para>Inheritance diagram for ImgBaseInfo</para>
<para>
    <figure>
        <title>Inheritance graph</title>
        <mediaobject>
            <imageobject>
                <imagedata width="50%" align="center" valign="middle" scalefit="1" fileref="class_img_base_info__inherit__graph.png"></imagedata>
            </imageobject>
        </mediaobject>
    </figure>
</para>
<para>Collaboration diagram for ImgBaseInfo</para>
<para>
    <figure>
        <title>Collaboration graph</title>
        <mediaobject>
            <imageobject>
                <imagedata width="50%" align="center" valign="middle" scalefit="1" fileref="class_img_base_info__coll__graph.png"></imagedata>
            </imageobject>
        </mediaobject>
    </figure>
</para>
        <section>
            <title> Klasy </title>
            <para>
                <itemizedlist>
                    <listitem>
                        <para>struct <link linkend="struct_img_base_info_1_1unsigned__pair">ImgBaseInfo::unsigned_pair</link></para>
                    </listitem>
                </itemizedlist>
            </para>
        </section>
        <section>
            <title></title>
            <para>
                <itemizedlist>
                    <listitem>
                            <para><literallayout>enum <link linkend="class_img_base_info_1aaa5a8dd42852cab6b08cadda321b4efe">data_model</link> {
<link linkend="class_img_base_info_1aaa5a8dd42852cab6b08cadda321b4efea4bde2d5096a7a244eb9a1fda3f1f0be7">RGBA</link>,
<link linkend="class_img_base_info_1aaa5a8dd42852cab6b08cadda321b4efea07bea88b8aa326b91a0c02957c2d98df">RGB</link>,
<link linkend="class_img_base_info_1aaa5a8dd42852cab6b08cadda321b4efea32c4d60027e02ab755d530fb71c3d310">GREY</link>,
<link linkend="class_img_base_info_1aaa5a8dd42852cab6b08cadda321b4efead8ee1e4175c1746c79c57f4c39bfa136">BLACK_WHITE</link>,
<link linkend="class_img_base_info_1aaa5a8dd42852cab6b08cadda321b4efea4c7a5e4ac5861e904704ff1730525172">HSV</link>,
<link linkend="class_img_base_info_1aaa5a8dd42852cab6b08cadda321b4efea155424e40159c1a16bf44ab43ef8fa0e">CMY</link>,
<link linkend="class_img_base_info_1aaa5a8dd42852cab6b08cadda321b4efeabe33102e2122545a297ab1e557cbd8db">CMYK</link>
}</literallayout>
</para>
                    </listitem>
                </itemizedlist>
            </para>
        </section>
        <section>
            <title>Atrybuty prywatne</title>
            <para>
                <itemizedlist>
                    <listitem>
                        <para>unsigned_pair size</para>
                    </listitem>
                </itemizedlist>
            </para>
            <para>
                <itemizedlist>
                    <listitem>
                        <para>data_model model</para>
                    </listitem>
                </itemizedlist>
            </para>
            <para>
                <itemizedlist>
                    <listitem>
                        <para>AHdr::AAJWCompression compression</para>
                    </listitem>
                </itemizedlist>
            </para>
            <para>
                <itemizedlist>
                    <listitem>
                        <para>AHdr::AColor colors</para>
                    </listitem>
                </itemizedlist>
            </para>
            <para>
                <itemizedlist>
                    <listitem>
                        <para>AHdr::AAJW7bit pack_type</para>
                    </listitem>
                </itemizedlist>
            </para>
        </section>
        <section>
            <title></title>
            <para>
                <itemizedlist>
                    <listitem>
                        <para><link linkend="class_a_hdr_1acfacae70f76a15f200eaafb7e4149ea7">AHdr::AAJWCompression</link> <link linkend="class_img_base_info_1aad1e32d07400ece0c3c2c5551dba9162">getCompression</link> (
)</para>
                    </listitem>
                </itemizedlist>
            </para>
            <para>
                <itemizedlist>
                    <listitem>
                        <para>void <link linkend="class_img_base_info_1a5b06bd1adec9c7ccbec67f72b44160cf">setCompression</link> (
const <link linkend="class_a_hdr_1acfacae70f76a15f200eaafb7e4149ea7">AHdr::AAJWCompression</link> &amp; value)</para>
                    </listitem>
                </itemizedlist>
            </para>
            <para>
                <itemizedlist>
                    <listitem>
                        <para><link linkend="class_a_hdr_1a7905be4154d0d5ccdbd7b4e0e4a59383">AHdr::AColor</link> <link linkend="class_img_base_info_1a92a48754ced48bb7b87e4041124eff2f">getColors</link> (
)</para>
                    </listitem>
                </itemizedlist>
            </para>
            <para>
                <itemizedlist>
                    <listitem>
                        <para>void <link linkend="class_img_base_info_1acbcef290019c9da649af72f0b7a2be87">setColors</link> (
const <link linkend="class_a_hdr_1a7905be4154d0d5ccdbd7b4e0e4a59383">AHdr::AColor</link> &amp; value)</para>
                    </listitem>
                </itemizedlist>
            </para>
            <para>
                <itemizedlist>
                    <listitem>
                        <para><link linkend="class_a_hdr_1a01dcb9a5d7873d6808645afe873b5227">AHdr::AAJW7bit</link> <link linkend="class_img_base_info_1ae99e64f943a0cdeda6fff6b78d6459a3">getPack_type</link> (
)</para>
                    </listitem>
                </itemizedlist>
            </para>
            <para>
                <itemizedlist>
                    <listitem>
                        <para>void <link linkend="class_img_base_info_1aaffaf375f2c9a801d8a5aa499c8c6cb6">setPack_type</link> (
const <link linkend="class_a_hdr_1a01dcb9a5d7873d6808645afe873b5227">AHdr::AAJW7bit</link> &amp; value)</para>
                    </listitem>
                </itemizedlist>
            </para>
            <para>
                <itemizedlist>
                    <listitem>
                        <para><link linkend="struct_img_base_info_1_1unsigned__pair">unsigned_pair</link> <link linkend="class_img_base_info_1ad829a5bfd4a60db5bc6866972a24c9d4">getSize</link> (
)</para>
                    </listitem>
                </itemizedlist>
            </para>
            <para>
                <itemizedlist>
                    <listitem>
                        <para>void <link linkend="class_img_base_info_1ae2b01db90a6d22a380b27905879b51ff">setSize</link> (
const <link linkend="struct_img_base_info_1_1unsigned__pair">unsigned_pair</link> &amp; value)</para>
                    </listitem>
                </itemizedlist>
            </para>
            <para>
                <itemizedlist>
                    <listitem>
                        <para><link linkend="class_img_base_info_1aaa5a8dd42852cab6b08cadda321b4efe">data_model</link> <link linkend="class_img_base_info_1ae39da3cb30bd2706594ba3aa452d33d7">getModel</link> (
)</para>
                    </listitem>
                </itemizedlist>
            </para>
            <para>
                <itemizedlist>
                    <listitem>
                        <para>void <link linkend="class_img_base_info_1a9f9ae11deb856b28c82afafd7e98d508">setModel</link> (
const <link linkend="class_img_base_info_1aaa5a8dd42852cab6b08cadda321b4efe">data_model</link> &amp; value)</para>
                    </listitem>
                </itemizedlist>
            </para>
            <para>
                <itemizedlist>
                    <listitem>
                        <para>bool <link linkend="class_img_base_info_1a73f2f72f82b40715918e3a2c18757ecb">set_header_color_data</link> (
<link linkend="class_img_base_info_1aaa5a8dd42852cab6b08cadda321b4efe">data_model</link> model)<para><emphasis>ImgBaseInfo::set_header_color_data.</emphasis></para>
</para>
                    </listitem>
                </itemizedlist>
            </para>
        </section>
    <simplesect>

<para>Przechowywanie informacji o przetwrzonym obrazie przez <link linkend="class_vec___extr">Vec_Extr</link>. </para>
    </simplesect>
        <simplesect>
            <title>Opis szczegółowy</title>

<para>Klasa ma za zadanie przechowywac informacje na temat wybranego sposobu zczytania i formatowania danych przez metody uzyte w klasie <link linkend="class_vec___extr">Vec_Extr</link>. </para>
                <para>Definition at line 8 of file imgbaseinfo.h</para>
                <para>The Documentation for this struct was generated from the following file: </para>
                <para><itemizedlist><listitem><para>imgbaseinfo.h</para></listitem></itemizedlist></para>
        </simplesect>
            <section xml:id="class_img_base_info_1aaa5a8dd42852cab6b08cadda321b4efe">
               <title>enum data_model </title>
               
<para>Enum odpowiedzialny za przydzielenie odpowiedniego formatu przechowywanych danych. 
<literallayout>
</literallayout>
 Ustalany na podstawie wybranej wartosci enum z <link linkend="class_vec___extr">Vec_Extr</link> ,np: <literallayout><computeroutput>&#32;&#32;&#32;&#32;<emphasis class="keywordflow">case</emphasis>&#32;color_mode::RGB:
&#32;&#32;&#32;&#32;&#32;&#32;&#32;&#32;info.<link linkend="class_img_base_info_1a9f9ae11deb856b28c82afafd7e98d508">setModel</link>(<link linkend="class_img_base_info_1aaa5a8dd42852cab6b08cadda321b4efea07bea88b8aa326b91a0c02957c2d98df">ImgBaseInfo::RGB</link>);

</computeroutput></literallayout> <formalpara><title>Ostrzeżenie: </title>

<para>
<literallayout>
</literallayout>
 Przy modyfikacji zawartosci enum data_model nalezy uwzglednic enum <link linkend="class_vec___extr_1a8d7151eccfe7802f8a7ee13858efd092">Vec_Extr::color_mode</link> <literallayout><computeroutput>
&#32;&#32;&#32;&#32;<emphasis class="keyword">enum&#32;class</emphasis>&#32;color_mode
&#32;&#32;&#32;&#32;{

&#32;&#32;&#32;&#32;&#32;&#32;&#32;&#32;<link linkend="class_img_base_info_1aaa5a8dd42852cab6b08cadda321b4efea07bea88b8aa326b91a0c02957c2d98df">RGB</link>,&#32;&#32;&#32;&#32;&#32;&#32;&#32;&#32;&#32;&#32;&#32;&#32;
&#32;&#32;&#32;&#32;&#32;&#32;&#32;&#32;GREYSCALE,&#32;&#32;&#32;&#32;&#32;&#32;
&#32;&#32;&#32;&#32;&#32;&#32;&#32;&#32;GREYSCALE_AVG,&#32;&#32;
&#32;&#32;&#32;&#32;&#32;&#32;&#32;&#32;B_W&#32;,&#32;&#32;&#32;&#32;&#32;&#32;&#32;&#32;&#32;&#32;&#32;
&#32;&#32;&#32;&#32;&#32;&#32;&#32;&#32;INV_RGB,&#32;&#32;&#32;&#32;&#32;&#32;&#32;&#32;
&#32;&#32;&#32;&#32;&#32;&#32;&#32;&#32;RGBA&#32;&#32;&#32;&#32;&#32;&#32;&#32;&#32;&#32;&#32;&#32;&#32;
&#32;&#32;&#32;&#32;};
</computeroutput></literallayout></para>
</formalpara>
</para>

               <formalpara>
                    <title>Wartości wyliczeń:</title>
                    <variablelist>
                        <varlistentry xml:id="class_img_base_info_1aaa5a8dd42852cab6b08cadda321b4efea4bde2d5096a7a244eb9a1fda3f1f0be7">
                            <term>RGBA</term>
                            <listitem>
                                <para></para>
                            </listitem>
                        </varlistentry>
                        <varlistentry xml:id="class_img_base_info_1aaa5a8dd42852cab6b08cadda321b4efea07bea88b8aa326b91a0c02957c2d98df">
                            <term>RGB</term>
                            <listitem>
                                <para></para>
                            </listitem>
                        </varlistentry>
                        <varlistentry xml:id="class_img_base_info_1aaa5a8dd42852cab6b08cadda321b4efea32c4d60027e02ab755d530fb71c3d310">
                            <term>GREY</term>
                            <listitem>
                                <para></para>
                            </listitem>
                        </varlistentry>
                        <varlistentry xml:id="class_img_base_info_1aaa5a8dd42852cab6b08cadda321b4efead8ee1e4175c1746c79c57f4c39bfa136">
                            <term>BLACK_WHITE</term>
                            <listitem>
                                <para></para>
                            </listitem>
                        </varlistentry>
                        <varlistentry xml:id="class_img_base_info_1aaa5a8dd42852cab6b08cadda321b4efea4c7a5e4ac5861e904704ff1730525172">
                            <term>HSV</term>
                            <listitem>
                                <para></para>
                            </listitem>
                        </varlistentry>
                        <varlistentry xml:id="class_img_base_info_1aaa5a8dd42852cab6b08cadda321b4efea155424e40159c1a16bf44ab43ef8fa0e">
                            <term>CMY</term>
                            <listitem>
                                <para></para>
                            </listitem>
                        </varlistentry>
                        <varlistentry xml:id="class_img_base_info_1aaa5a8dd42852cab6b08cadda321b4efeabe33102e2122545a297ab1e557cbd8db">
                            <term>CMYK</term>
                            <listitem>
                                <para></para>
                            </listitem>
                        </varlistentry>
                     </variablelist>
                </formalpara>
                <para>Definition at line 32 of file imgbaseinfo.h
                    <computeroutput><literallayout>
{
RGBA, 
RGB, 
GREY, 
BLACK_WHITE, 
HSV, 
CMY, 
CMYK, 
}data_model;
                    </literallayout></computeroutput>
                </para>
            </section>
        <section>
            <title>Dokumentacja atrybutów składowych</title>
            <simplesect>
                <title>unsigned_pair ImgBaseInfo::size</title>                
<para>struktura przechowywujaca wymiary obrazu </para>

                <para>Definition at line 74 of file imgbaseinfo.h</para>
                <para>The Documentation for this struct was generated from the following file: </para>
                <para><itemizedlist><listitem><para>imgbaseinfo.h</para></listitem></itemizedlist></para>
            </simplesect>
            <simplesect>
                <title>data_model ImgBaseInfo::model</title>                
<para>enum przechowywujacy informacje na temat typu przechowywanych danych </para>

                <para>Definition at line 75 of file imgbaseinfo.h</para>
                <para>The Documentation for this struct was generated from the following file: </para>
                <para><itemizedlist><listitem><para>imgbaseinfo.h</para></listitem></itemizedlist></para>
            </simplesect>
            <simplesect>
                <title>AHdr::AAJWCompression ImgBaseInfo::compression</title>                
<para>rodzaj uzytego algorytmu kompresji </para>

                <para>Definition at line 76 of file imgbaseinfo.h</para>
                <para>The Documentation for this struct was generated from the following file: </para>
                <para><itemizedlist><listitem><para>imgbaseinfo.h</para></listitem></itemizedlist></para>
            </simplesect>
            <simplesect>
                <title>AHdr::AColor ImgBaseInfo::colors</title>                
<para>rodzaj przechowywanych danych </para>

                <para>Definition at line 77 of file imgbaseinfo.h</para>
                <para>The Documentation for this struct was generated from the following file: </para>
                <para><itemizedlist><listitem><para>imgbaseinfo.h</para></listitem></itemizedlist></para>
            </simplesect>
            <simplesect>
                <title>AHdr::AAJW7bit ImgBaseInfo::pack_type</title>                
<para>rodzaj upakowania danych </para>

                <para>Definition at line 78 of file imgbaseinfo.h</para>
                <para>The Documentation for this struct was generated from the following file: </para>
                <para><itemizedlist><listitem><para>imgbaseinfo.h</para></listitem></itemizedlist></para>
            </simplesect>
        </section>
            <section xml:id="class_img_base_info_1aad1e32d07400ece0c3c2c5551dba9162">
                <title>AHdr::AAJWCompression ImgBaseInfo::getCompression () const</title> <emphasis></emphasis>
                
<para>Getter dla typu kompresji obrazu </para>

            </section>
            <section xml:id="class_img_base_info_1a5b06bd1adec9c7ccbec67f72b44160cf">
                <title>void ImgBaseInfo::setCompression (const AHdr::AAJWCompression &amp;value)</title> <emphasis></emphasis>
                
<para>Setter dla typu kompresji obrazu </para>

            </section>
            <section xml:id="class_img_base_info_1a92a48754ced48bb7b87e4041124eff2f">
                <title>AHdr::AColor ImgBaseInfo::getColors () const</title> <emphasis></emphasis>
                
<para>Getter dla rodzaju obrazu </para>

            </section>
            <section xml:id="class_img_base_info_1acbcef290019c9da649af72f0b7a2be87">
                <title>void ImgBaseInfo::setColors (const AHdr::AColor &amp;value)</title> <emphasis></emphasis>
                
<para>Setter dla rodzaju obrazu </para>

            </section>
            <section xml:id="class_img_base_info_1ae99e64f943a0cdeda6fff6b78d6459a3">
                <title>AHdr::AAJW7bit ImgBaseInfo::getPack_type () const</title> <emphasis></emphasis>
                
<para>Getter dla typu upakowania obrazu </para>

            </section>
            <section xml:id="class_img_base_info_1aaffaf375f2c9a801d8a5aa499c8c6cb6">
                <title>void ImgBaseInfo::setPack_type (const AHdr::AAJW7bit &amp;value)</title> <emphasis></emphasis>
                
<para>Setter dla typu upakowania obrazu </para>

            </section>
            <section xml:id="class_img_base_info_1ad829a5bfd4a60db5bc6866972a24c9d4">
                <title>ImgBaseInfo::unsigned_pair ImgBaseInfo::getSize () const</title> <emphasis></emphasis>
                
<para>Getter dla wymiarow obrazu </para>

            </section>
            <section xml:id="class_img_base_info_1ae2b01db90a6d22a380b27905879b51ff">
                <title>void ImgBaseInfo::setSize (const unsigned_pair &amp;value)</title> <emphasis></emphasis>
                
<para>Setter dla wymiarow obrazu </para>

            </section>
            <section xml:id="class_img_base_info_1ae39da3cb30bd2706594ba3aa452d33d7">
                <title>ImgBaseInfo::data_model ImgBaseInfo::getModel () const</title> <emphasis></emphasis>
                
<para>Getter dla modelu obrazu </para>

            </section>
            <section xml:id="class_img_base_info_1a9f9ae11deb856b28c82afafd7e98d508">
                <title>void ImgBaseInfo::setModel (const data_model &amp;value)</title> <emphasis></emphasis>
                
<para>Setter dla modelu obrazu </para>

            </section>
            <section xml:id="class_img_base_info_1a73f2f72f82b40715918e3a2c18757ecb">
                <title>bool ImgBaseInfo::set_header_color_data (data_model model)</title> <emphasis>ImgBaseInfo::set_header_color_data.</emphasis>
                
<para>Setter dla zmiennej colors obrazu na podstawie danego argumentu data_model</para>

<para>
                <formalpara>
                    <title/>
                    <table frame="all">
                        <title>Parametry                        </title>
                        <tgroup cols="2" align="left" colsep="1" rowsep="1">
                        <colspec colwidth="1*"/>
                        <colspec colwidth="4*"/>
                        <tbody>
                            <row>
                                <entry>model</entry>
                                <entry>
<para>Modyfikowanie dostepnych mozliwosci formatu .aajw wymaga modyfikacji funkcji wymierajacej odpowiedniej wartosci.</para>
</entry>
                            </row>
                        </tbody>
                        </tgroup>
                    </table>
                </formalpara>
                <formalpara><title>Zwraca: </title>

<para></para>
</formalpara>
</para>

            </section>
</section>
