<?xml version='1.0' encoding='UTF-8' standalone='no'?>
<section xmlns="http://docbook.org/ns/docbook" version="5.0" xmlns:xlink="http://www.w3.org/1999/xlink" xml:id="class_byte_run__c">
<title>ByteRun_c class Reference</title>
<para>
    <programlisting>#include <link linkend="byterun__c_8h">&lt;byterun_c.h&gt;</link></programlisting>
</para>
<para>Inheritance diagram for ByteRun_c</para>
<para>
    <figure>
        <title>Inheritance graph</title>
        <mediaobject>
            <imageobject>
                <imagedata width="50%" align="center" valign="middle" scalefit="1" fileref="class_byte_run__c__inherit__graph.png"></imagedata>
            </imageobject>
        </mediaobject>
    </figure>
</para>
<para>Collaboration diagram for ByteRun_c</para>
<para>
    <figure>
        <title>Collaboration graph</title>
        <mediaobject>
            <imageobject>
                <imagedata width="50%" align="center" valign="middle" scalefit="1" fileref="class_byte_run__c__coll__graph.png"></imagedata>
            </imageobject>
        </mediaobject>
    </figure>
</para>
        <section>
            <title></title>
            <para>
                <itemizedlist>
                    <listitem>
                        <para> <link linkend="class_byte_run__c_1aab655edf0e6073459eab019341d8e1ba">ByteRun_c</link> (
)</para>
                    </listitem>
                </itemizedlist>
            </para>
            <para>
                <itemizedlist>
                    <listitem>
                        <para>virtual <link linkend="class_byte_run__c_1a1dd36b405f924ed2fa3793370b87f7f6">~ ByteRun_c</link> (
)</para>
                    </listitem>
                </itemizedlist>
            </para>
        </section>
        <section>
            <title></title>
            <para>
                <itemizedlist>
                    <listitem>
                        <para>static std::vector&lt; uint8_t &gt; <link linkend="class_byte_run__c_1afe44c75514fe343897a3708ea7af7653">compress_ByteRun_3</link> (
std::vector&lt; uint8_t &gt; &amp; data)<para><emphasis>compress_ByteRun_3 - kompresja ByteRun po trzy bajty
  Funkcja jako argument przyjmuje wektor typu uint8_t zawierajacy poszczegolne bajty 24-bitowej palety kolorow.
  Zwraca wektor wyjsciowy zawierajacy skompresowany wektor otrzymanych wartosci pikseli.
  Kompresje przeprowadzamy na wartosciach w zakrsie 0-255.</emphasis></para>
</para>
                    </listitem>
                </itemizedlist>
            </para>
            <para>
                <itemizedlist>
                    <listitem>
                        <para>static std::vector&lt; uint8_t &gt; <link linkend="class_byte_run__c_1a516a1a891d6ff45965994ed4ed11cd34">decompress_ByteRun_3</link> (
std::vector&lt; uint8_t &gt; &amp; data)<para><emphasis>decompress_ByteRun_3 - dekompresja ByteRun po trzy bajty
      Funkcja jako argument przyjmuje wektor typu uint8_t zawierajacy skompresowane bajty 24-bitowej palety kolorow.
      Zwraca wektor wyjsciowy zawierajacy dane odczytane ze skompresowanego wektora podanego na wejsciu - zapis po trzy bajty.
      Dekompresje przeprowadzamy na wartosciach w zakrsie 0-255.</emphasis></para>
</para>
                    </listitem>
                </itemizedlist>
            </para>
            <para>
                <itemizedlist>
                    <listitem>
                        <para>static std::vector&lt; uint8_t &gt; <link linkend="class_byte_run__c_1aa8b3240fad0c029b188cd4c7a6ae94e0">compress_ByteRun_1</link> (
std::vector&lt; uint8_t &gt; &amp; data)<para><emphasis>compress_ByteRun_1 - kompresja ByteRun po jednym bajcie
 Funkcja jako argument przyjmuje wektor typu uint8_t zawierajacy poszczegolne piksele zpisane na jednym bajcie.
 Zwraca wektor wyjsciowy zawierajacy skompresowany wektor otrzymanych wartosci pikseli.
 Kompresje przeprowadzamy na wartosciach w zakrsie 0-255.</emphasis></para>
</para>
                    </listitem>
                </itemizedlist>
            </para>
            <para>
                <itemizedlist>
                    <listitem>
                        <para>static std::vector&lt; uint8_t &gt; <link linkend="class_byte_run__c_1a4b3270b10edf4dd04fb41993078121e6">decompress_ByteRun_1</link> (
std::vector&lt; uint8_t &gt; &amp; data)<para><emphasis>decompress_ByteRun_1 - dekompresja ByteRun po jednym bajcie
     Funkcja jako argument przyjmuje wektor typu uint8_t zawierajacy skompresowane poszczegolne piksele zpisane na jednym bajcie.
     Zwraca wektor wyjsciowy zawierajacy dane odczytane ze skompresowanego wektora podanego na wejsciu - zapis po jednym bajcie.
     Dekompresje przeprowadzamy na wartosciach w zakrsie 0-255.</emphasis></para>
</para>
                    </listitem>
                </itemizedlist>
            </para>
            <para>
                <itemizedlist>
                    <listitem>
                        <para>static std::vector&lt; uint8_t &gt; <link linkend="class_byte_run__c_1adfca48c788206185547ae7820d669c94">compress_ByteRun_3s</link> (
std::vector&lt; uint8_t &gt; &amp; data)<para><emphasis>compress_ByteRun_3s - kompresja ByteRun po trzy bajty
   Funkcja jako argument przyjmuje wektor typu uint8_t zawierajacy poszczegolne piksele zpisane na po trzy bajty.
   Zwraca wektor wyjsciowy zawierajacy skompresowany wektor otrzymanych wartosci pikseli.
   Kompresje przeprowadzamy na wartosciach w zakrsie 1-255, liczba &apos;0&apos; sluzy do oznaczenia powtarzanej sekwencji.</emphasis></para>
</para>
                    </listitem>
                </itemizedlist>
            </para>
            <para>
                <itemizedlist>
                    <listitem>
                        <para>static std::vector&lt; uint8_t &gt; <link linkend="class_byte_run__c_1a9f409e2e1693f3b6a63e6cff67e48284">decompress_ByteRun_3s</link> (
std::vector&lt; uint8_t &gt; &amp; data)<para><emphasis>decompress_ByteRun_3s - dekompresja ByteRun po trzy bajty
    Funkcja jako argument przyjmuje wektor typu uint8_t zawierajacy skompresowane poszczegolne piksele zpisane po bajty.
    Zwraca wektor wyjsciowy zawierajacy dane odczytane ze skompresowanego wektora podanego na wejsciu - zapis po trzy bajty.
    Dekompresje przeprowadzamy na wartosciach w zakrsie 1-255.</emphasis></para>
</para>
                    </listitem>
                </itemizedlist>
            </para>
            <para>
                <itemizedlist>
                    <listitem>
                        <para>static std::vector&lt; uint8_t &gt; <link linkend="class_byte_run__c_1ab88a25fd1171dd13470b3a6a7d2db3e9">compress_ByteRun_1s</link> (
std::vector&lt; uint8_t &gt; &amp; data)<para><emphasis>compress_ByteRun_1s - kompresja ByteRun po jednym bajcie
 Funkcja jako argument przyjmuje wektor typu uint8_t zawierajacy poszczegolne piksele zpisane na jednym bajcie.
 Zwraca wektor wyjsciowy zawierajacy skompresowany wektor otrzymanych wartosci pikseli.
 Kompresje przeprowadzamy na wartosciach w zakrsie 1-255, liczba &apos;0&apos; sluzy do oznaczenia powtarzanej sekwencji.</emphasis></para>
</para>
                    </listitem>
                </itemizedlist>
            </para>
            <para>
                <itemizedlist>
                    <listitem>
                        <para>static std::vector&lt; uint8_t &gt; <link linkend="class_byte_run__c_1ac0f29f317003a95d707bdbc2fbb9d553">decompress_ByteRun_1s</link> (
std::vector&lt; uint8_t &gt; &amp; data)<para><emphasis>decompress_ByteRun_1 - dekompresja ByteRun po jednym bajcie
      Funkcja jako argument przyjmuje wektor typu uint8_t zawierajacy skompresowane poszczegolne piksele zpisane na jednym bajcie.
      Zwraca wektor wyjsciowy zawierajacy dane odczytane ze skompresowanego wektora podanego na wejsciu - zapis po jednym bajcie.
      Dekompresje przeprowadzamy na wartosciach w zakrsie 1-255.</emphasis></para>
</para>
                    </listitem>
                </itemizedlist>
            </para>
        </section>
    <simplesect>

<para>Algorytmy kompresji ByteRun. </para>
    </simplesect>
        <simplesect>
            <title>Opis szczegółowy</title>

<para>Klasa zawierajaca algorytmy kompresji oraz dekompresji ByteRun. Operacje przeprowadzane sa na wektorach danych typu uint8_t </para>
                <para>Definition at line 9 of file byterun_c.h</para>
                <para>The Documentation for this struct was generated from the following file: </para>
                <para><itemizedlist><listitem><para>byterun_c.h</para></listitem></itemizedlist></para>
        </simplesect>
            <section xml:id="class_byte_run__c_1aab655edf0e6073459eab019341d8e1ba">
                <title>ByteRun_c::ByteRun_c ()</title> <emphasis></emphasis>
                
            </section>
            <section xml:id="class_byte_run__c_1a1dd36b405f924ed2fa3793370b87f7f6">
                <title>virtual ByteRun_c::~ ByteRun_c ()</title> <emphasis></emphasis>
                
<para>&lt;Konstruktor Destruktor </para>

            </section>
            <section xml:id="class_byte_run__c_1afe44c75514fe343897a3708ea7af7653">
                <title>vector&lt; uint8_t &gt; ByteRun_c::compress_ByteRun_3 (std::vector&lt; uint8_t &gt; &amp;data)</title> <emphasis>compress_ByteRun_3 - kompresja ByteRun po trzy bajty
  Funkcja jako argument przyjmuje wektor typu uint8_t zawierajacy poszczegolne bajty 24-bitowej palety kolorow.
  Zwraca wektor wyjsciowy zawierajacy skompresowany wektor otrzymanych wartosci pikseli.
  Kompresje przeprowadzamy na wartosciach w zakrsie 0-255.</emphasis>
                
<para>
                <formalpara>
                    <title/>
                    <table frame="all">
                        <title>Parametry                        </title>
                        <tgroup cols="2" align="left" colsep="1" rowsep="1">
                        <colspec colwidth="1*"/>
                        <colspec colwidth="4*"/>
                        <tbody>
                            <row>
                                <entry>data</entry>
                                <entry>
<para>wektor z danymi typu uint8_t </para>
</entry>
                            </row>
                            <row>
                                <entry>compressed</entry>
                                <entry>
<para>wektor, w ktorym zostaja zapisane dane po kompresji </para>
</entry>
                            </row>
                        </tbody>
                        </tgroup>
                    </table>
                </formalpara>
                <formalpara><title>Zwraca: </title>

<para>compressed wektor po kompresji </para>
</formalpara>
<formalpara><title>Ostrzeżenie: </title>

<para>kompresje mozna wykonac tylko na wielkosci danych podzielnych przez trzy </para>
</formalpara>
</para>

            </section>
            <section xml:id="class_byte_run__c_1a516a1a891d6ff45965994ed4ed11cd34">
                <title>vector&lt; uint8_t &gt; ByteRun_c::decompress_ByteRun_3 (std::vector&lt; uint8_t &gt; &amp;data)</title> <emphasis>decompress_ByteRun_3 - dekompresja ByteRun po trzy bajty
      Funkcja jako argument przyjmuje wektor typu uint8_t zawierajacy skompresowane bajty 24-bitowej palety kolorow.
      Zwraca wektor wyjsciowy zawierajacy dane odczytane ze skompresowanego wektora podanego na wejsciu - zapis po trzy bajty.
      Dekompresje przeprowadzamy na wartosciach w zakrsie 0-255.</emphasis>
                
<para>
                <formalpara>
                    <title/>
                    <table frame="all">
                        <title>Parametry                        </title>
                        <tgroup cols="2" align="left" colsep="1" rowsep="1">
                        <colspec colwidth="1*"/>
                        <colspec colwidth="4*"/>
                        <tbody>
                            <row>
                                <entry>compressed</entry>
                                <entry>
<para>wektor z danymi typu uint8_t </para>
</entry>
                            </row>
                            <row>
                                <entry>data</entry>
                                <entry>
<para>wektor, w ktorym zostaja zapisane dane po dekompresji </para>
</entry>
                            </row>
                        </tbody>
                        </tgroup>
                    </table>
                </formalpara>
                <formalpara><title>Zwraca: </title>

<para>data wektor po dekompresji </para>
</formalpara>
</para>

            </section>
            <section xml:id="class_byte_run__c_1aa8b3240fad0c029b188cd4c7a6ae94e0">
                <title>vector&lt; uint8_t &gt; ByteRun_c::compress_ByteRun_1 (std::vector&lt; uint8_t &gt; &amp;data)</title> <emphasis>compress_ByteRun_1 - kompresja ByteRun po jednym bajcie
 Funkcja jako argument przyjmuje wektor typu uint8_t zawierajacy poszczegolne piksele zpisane na jednym bajcie.
 Zwraca wektor wyjsciowy zawierajacy skompresowany wektor otrzymanych wartosci pikseli.
 Kompresje przeprowadzamy na wartosciach w zakrsie 0-255.</emphasis>
                
<para>
                <formalpara>
                    <title/>
                    <table frame="all">
                        <title>Parametry                        </title>
                        <tgroup cols="2" align="left" colsep="1" rowsep="1">
                        <colspec colwidth="1*"/>
                        <colspec colwidth="4*"/>
                        <tbody>
                            <row>
                                <entry>data</entry>
                                <entry>
<para>wektor z danymi typu uint8_t </para>
</entry>
                            </row>
                            <row>
                                <entry>compressed</entry>
                                <entry>
<para>wektor, w ktorym zostaja zapisane dane po kompresji </para>
</entry>
                            </row>
                        </tbody>
                        </tgroup>
                    </table>
                </formalpara>
                <formalpara><title>Zwraca: </title>

<para>compressed wektor po kompresji </para>
</formalpara>
</para>

            </section>
            <section xml:id="class_byte_run__c_1a4b3270b10edf4dd04fb41993078121e6">
                <title>vector&lt; uint8_t &gt; ByteRun_c::decompress_ByteRun_1 (std::vector&lt; uint8_t &gt; &amp;data)</title> <emphasis>decompress_ByteRun_1 - dekompresja ByteRun po jednym bajcie
     Funkcja jako argument przyjmuje wektor typu uint8_t zawierajacy skompresowane poszczegolne piksele zpisane na jednym bajcie.
     Zwraca wektor wyjsciowy zawierajacy dane odczytane ze skompresowanego wektora podanego na wejsciu - zapis po jednym bajcie.
     Dekompresje przeprowadzamy na wartosciach w zakrsie 0-255.</emphasis>
                
<para>
                <formalpara>
                    <title/>
                    <table frame="all">
                        <title>Parametry                        </title>
                        <tgroup cols="2" align="left" colsep="1" rowsep="1">
                        <colspec colwidth="1*"/>
                        <colspec colwidth="4*"/>
                        <tbody>
                            <row>
                                <entry>compressed</entry>
                                <entry>
<para>wektor z danymi typu uint8_t </para>
</entry>
                            </row>
                            <row>
                                <entry>data</entry>
                                <entry>
<para>wektor, w ktorym zostaja zapisane dane po dekompresji </para>
</entry>
                            </row>
                        </tbody>
                        </tgroup>
                    </table>
                </formalpara>
                <formalpara><title>Zwraca: </title>

<para>data wektor po dekompresji </para>
</formalpara>
</para>

            </section>
            <section xml:id="class_byte_run__c_1adfca48c788206185547ae7820d669c94">
                <title>vector&lt; uint8_t &gt; ByteRun_c::compress_ByteRun_3s (std::vector&lt; uint8_t &gt; &amp;data)</title> <emphasis>compress_ByteRun_3s - kompresja ByteRun po trzy bajty
   Funkcja jako argument przyjmuje wektor typu uint8_t zawierajacy poszczegolne piksele zpisane na po trzy bajty.
   Zwraca wektor wyjsciowy zawierajacy skompresowany wektor otrzymanych wartosci pikseli.
   Kompresje przeprowadzamy na wartosciach w zakrsie 1-255, liczba &apos;0&apos; sluzy do oznaczenia powtarzanej sekwencji.</emphasis>
                
<para>
                <formalpara>
                    <title/>
                    <table frame="all">
                        <title>Parametry                        </title>
                        <tgroup cols="2" align="left" colsep="1" rowsep="1">
                        <colspec colwidth="1*"/>
                        <colspec colwidth="4*"/>
                        <tbody>
                            <row>
                                <entry>data</entry>
                                <entry>
<para>wektor z danymi typu uint8_t </para>
</entry>
                            </row>
                            <row>
                                <entry>compressed</entry>
                                <entry>
<para>wektor, w ktorym zostaja zapisane dane po kompresji </para>
</entry>
                            </row>
                        </tbody>
                        </tgroup>
                    </table>
                </formalpara>
                <formalpara><title>Zwraca: </title>

<para>compressed wektor po kompresji </para>
</formalpara>
<formalpara><title>Ostrzeżenie: </title>

<para>kompresje mozna wykonac tylko na wielkosci danych podzielnych przez trzy </para>
</formalpara>
</para>

            </section>
            <section xml:id="class_byte_run__c_1a9f409e2e1693f3b6a63e6cff67e48284">
                <title>vector&lt; uint8_t &gt; ByteRun_c::decompress_ByteRun_3s (std::vector&lt; uint8_t &gt; &amp;data)</title> <emphasis>decompress_ByteRun_3s - dekompresja ByteRun po trzy bajty
    Funkcja jako argument przyjmuje wektor typu uint8_t zawierajacy skompresowane poszczegolne piksele zpisane po bajty.
    Zwraca wektor wyjsciowy zawierajacy dane odczytane ze skompresowanego wektora podanego na wejsciu - zapis po trzy bajty.
    Dekompresje przeprowadzamy na wartosciach w zakrsie 1-255.</emphasis>
                
<para>
                <formalpara>
                    <title/>
                    <table frame="all">
                        <title>Parametry                        </title>
                        <tgroup cols="2" align="left" colsep="1" rowsep="1">
                        <colspec colwidth="1*"/>
                        <colspec colwidth="4*"/>
                        <tbody>
                            <row>
                                <entry>compressed</entry>
                                <entry>
<para>wektor z danymi typu uint8_t </para>
</entry>
                            </row>
                            <row>
                                <entry>data</entry>
                                <entry>
<para>wektor, w ktorym zostaja zapisane dane po dekompresji </para>
</entry>
                            </row>
                        </tbody>
                        </tgroup>
                    </table>
                </formalpara>
                <formalpara><title>Zwraca: </title>

<para>data wektor po dekompresji </para>
</formalpara>
</para>

            </section>
            <section xml:id="class_byte_run__c_1ab88a25fd1171dd13470b3a6a7d2db3e9">
                <title>vector&lt; uint8_t &gt; ByteRun_c::compress_ByteRun_1s (std::vector&lt; uint8_t &gt; &amp;data)</title> <emphasis>compress_ByteRun_1s - kompresja ByteRun po jednym bajcie
 Funkcja jako argument przyjmuje wektor typu uint8_t zawierajacy poszczegolne piksele zpisane na jednym bajcie.
 Zwraca wektor wyjsciowy zawierajacy skompresowany wektor otrzymanych wartosci pikseli.
 Kompresje przeprowadzamy na wartosciach w zakrsie 1-255, liczba &apos;0&apos; sluzy do oznaczenia powtarzanej sekwencji.</emphasis>
                
<para>
                <formalpara>
                    <title/>
                    <table frame="all">
                        <title>Parametry                        </title>
                        <tgroup cols="2" align="left" colsep="1" rowsep="1">
                        <colspec colwidth="1*"/>
                        <colspec colwidth="4*"/>
                        <tbody>
                            <row>
                                <entry>data</entry>
                                <entry>
<para>wektor z danymi typu uint8_t </para>
</entry>
                            </row>
                            <row>
                                <entry>compressed</entry>
                                <entry>
<para>wektor, w ktorym zostaja zapisane dane po kompresji </para>
</entry>
                            </row>
                        </tbody>
                        </tgroup>
                    </table>
                </formalpara>
                <formalpara><title>Zwraca: </title>

<para>compressed wektor po kompresji </para>
</formalpara>
</para>

            </section>
            <section xml:id="class_byte_run__c_1ac0f29f317003a95d707bdbc2fbb9d553">
                <title>vector&lt; uint8_t &gt; ByteRun_c::decompress_ByteRun_1s (std::vector&lt; uint8_t &gt; &amp;data)</title> <emphasis>decompress_ByteRun_1 - dekompresja ByteRun po jednym bajcie
      Funkcja jako argument przyjmuje wektor typu uint8_t zawierajacy skompresowane poszczegolne piksele zpisane na jednym bajcie.
      Zwraca wektor wyjsciowy zawierajacy dane odczytane ze skompresowanego wektora podanego na wejsciu - zapis po jednym bajcie.
      Dekompresje przeprowadzamy na wartosciach w zakrsie 1-255.</emphasis>
                
<para>
                <formalpara>
                    <title/>
                    <table frame="all">
                        <title>Parametry                        </title>
                        <tgroup cols="2" align="left" colsep="1" rowsep="1">
                        <colspec colwidth="1*"/>
                        <colspec colwidth="4*"/>
                        <tbody>
                            <row>
                                <entry>compressed</entry>
                                <entry>
<para>wektor z danymi typu uint8_t </para>
</entry>
                            </row>
                            <row>
                                <entry>data</entry>
                                <entry>
<para>wektor, w ktorym zostaja zapisane dane po dekompresji </para>
</entry>
                            </row>
                        </tbody>
                        </tgroup>
                    </table>
                </formalpara>
                <formalpara><title>Zwraca: </title>

<para>data wektor po dekompresji </para>
</formalpara>
</para>

            </section>
</section>
