<?xml version='1.0' encoding='UTF-8' standalone='no'?>
<section xmlns="http://docbook.org/ns/docbook" version="5.0" xmlns:xlink="http://www.w3.org/1999/xlink" xml:id="class_main_window">
<title>MainWindow class Reference</title>
<para>
    <programlisting>#include <link linkend="mainwindow_8h">&lt;mainwindow.h&gt;</link></programlisting>
</para>
<para>Inheritance diagram for MainWindow</para>
<para>
    <figure>
        <title>Inheritance graph</title>
        <mediaobject>
            <imageobject>
                <imagedata width="50%" align="center" valign="middle" scalefit="1" fileref="class_main_window__inherit__graph.png"></imagedata>
            </imageobject>
        </mediaobject>
    </figure>
</para>
<para>Collaboration diagram for MainWindow</para>
<para>
    <figure>
        <title>Collaboration graph</title>
        <mediaobject>
            <imageobject>
                <imagedata width="50%" align="center" valign="middle" scalefit="1" fileref="class_main_window__coll__graph.png"></imagedata>
            </imageobject>
        </mediaobject>
    </figure>
</para>
        <section>
            <title> Klasy </title>
            <para>
                <itemizedlist>
                    <listitem>
                        <para>struct <link linkend="struct_main_window_1_1unsigned__pair">MainWindow::unsigned_pair</link></para>
<para><emphasis>Prosta struktura przechowujaca pare liczb tyu uint32_t.</emphasis></para>
                    </listitem>
                </itemizedlist>
            </para>
        </section>
        <section>
            <title>Atrybuty prywatne</title>
            <para>
                <itemizedlist>
                    <listitem>
                        <para>Ui::MainWindow * ui</para>
                    </listitem>
                </itemizedlist>
            </para>
            <para>
                <itemizedlist>
                    <listitem>
                        <para>QButtonGroup comp_group</para>
                    </listitem>
                </itemizedlist>
            </para>
            <para>
                <itemizedlist>
                    <listitem>
                        <para>QButtonGroup extr_group</para>
                    </listitem>
                </itemizedlist>
            </para>
            <para>
                <itemizedlist>
                    <listitem>
                        <para>QList&lt; QRadioButton * &gt; Compr_Buttons</para>
                    </listitem>
                </itemizedlist>
            </para>
            <para>
                <itemizedlist>
                    <listitem>
                        <para>QList&lt; QRadioButton * &gt; Extr_Buttons</para>
                    </listitem>
                </itemizedlist>
            </para>
            <para>
                <itemizedlist>
                    <listitem>
                        <para>sf::RenderWindow Viewer</para>
                    </listitem>
                </itemizedlist>
            </para>
            <para>
                <itemizedlist>
                    <listitem>
                        <para>unsigned_pair Viewer_def_size</para>
                    </listitem>
                </itemizedlist>
            </para>
            <para>
                <itemizedlist>
                    <listitem>
                        <para>QResource logo</para>
                    </listitem>
                </itemizedlist>
            </para>
            <para>
                <itemizedlist>
                    <listitem>
                        <para>QResource logo_error</para>
                    </listitem>
                </itemizedlist>
            </para>
        </section>
        <section>
            <title></title>
            <para>
                <itemizedlist>
                    <listitem>
                        <para>void <link linkend="class_main_window_1a11e3895b953cf51549ff48414e226c24">closeEvent</link> (
QCloseEvent * event)<para><emphasis>nadpisanie zdarzenia wyjscia z okna QMainWindow</emphasis></para>
</para>
                    </listitem>
                </itemizedlist>
            </para>
        </section>
        <section>
            <title></title>
            <para>
                <itemizedlist>
                    <listitem>
                        <para> <link linkend="class_main_window_1a8b244be8b7b7db1b08de2a2acb9409db">MainWindow</link> (
QWidget * parent)<para><emphasis>Konstruktor okna glownego.</emphasis></para>
</para>
                    </listitem>
                </itemizedlist>
            </para>
            <para>
                <itemizedlist>
                    <listitem>
                        <para> <link linkend="class_main_window_1ae98d00a93bc118200eeef9f9bba1dba7">~MainWindow</link> (
)<para><emphasis>Destruktor okna glownego.</emphasis></para>
</para>
                    </listitem>
                </itemizedlist>
            </para>
        </section>
        <section>
            <title></title>
            <para>
                <itemizedlist>
                    <listitem>
                    </listitem>
                </itemizedlist>
            </para>
            <para>
                <itemizedlist>
                    <listitem>
                    </listitem>
                </itemizedlist>
            </para>
            <para>
                <itemizedlist>
                    <listitem>
                    </listitem>
                </itemizedlist>
            </para>
            <para>
                <itemizedlist>
                    <listitem>
                    </listitem>
                </itemizedlist>
            </para>
            <para>
                <itemizedlist>
                    <listitem>
                    </listitem>
                </itemizedlist>
            </para>
            <para>
                <itemizedlist>
                    <listitem>
                    </listitem>
                </itemizedlist>
            </para>
        </section>
        <section>
            <title></title>
            <para>
                <itemizedlist>
                    <listitem>
                        <para>bool <link linkend="class_main_window_1a199e2e317182b9a50dd62e7c40c545af">quit_ask</link> (
)<para><emphasis>wyswietlenie zapytania o potwierdzenie wyjscia z aplikacji</emphasis></para>
</para>
                    </listitem>
                </itemizedlist>
            </para>
            <para>
                <itemizedlist>
                    <listitem>
                        <para>bool <link linkend="class_main_window_1afd296040ec345683dbfc48e9cf6e682f">SFML_load</link> (
QListWidgetItem * item, <link linkend="class_s_f_m_l___objects">SFML_Objects</link> &amp; obj, sf::RenderWindow &amp; Window)<para><emphasis>zaladowanie tekstury z pliku do sprite</emphasis></para>
</para>
                    </listitem>
                </itemizedlist>
            </para>
            <para>
                <itemizedlist>
                    <listitem>
                        <para>void <link linkend="class_main_window_1af048fe2efdc62347ee50ff80fcb3f115">SFML_display</link> (
QListWidgetItem * item, <link linkend="class_s_f_m_l___objects">SFML_Objects</link> &amp; obj, sf::RenderWindow &amp; Window)<para><emphasis>wyswietlenie sprite&apos;a na zadanym oknie</emphasis></para>
</para>
                    </listitem>
                </itemizedlist>
            </para>
            <para>
                <itemizedlist>
                    <listitem>
                        <para>bool <link linkend="class_main_window_1a23650c4481350ca90689c219b9679dec">SFML_QRes</link> (
<link linkend="class_s_f_m_l___objects">SFML_Objects</link> &amp; obj, QResource &amp; res)<para><emphasis>zaladowanie do tekstury i sprite&apos;a obrazu QResource</emphasis></para>
</para>
                    </listitem>
                </itemizedlist>
            </para>
            <para>
                <itemizedlist>
                    <listitem>
                        <para>bool <link linkend="class_main_window_1a3667d6fd5c0b02f5d7bad5b444fd2175">convert</link> (
std::vector&lt; uint8_t &gt; &amp; vector, std::string name, const <link linkend="class_img_base_info">ImgBaseInfo</link> info)<para><emphasis>wykonanie konwersji wektora danych na odpowiedni plik.</emphasis></para>
</para>
                    </listitem>
                </itemizedlist>
            </para>
            <para>
                <itemizedlist>
                    <listitem>
                        <para>bool <link linkend="class_main_window_1a5726c29c7f0d72d8953a3997262fefcc">reconvert</link> (
std::string name)<para><emphasis>wykonanie rekonwersji pliku .aajw na .bmp</emphasis></para>
</para>
                    </listitem>
                </itemizedlist>
            </para>
            <para>
                <itemizedlist>
                    <listitem>
                        <para><link linkend="class_vec___extr_1a8d7151eccfe7802f8a7ee13858efd092">Vec_Extr::color_mode</link> <link linkend="class_main_window_1aba1ef7518ba72537fb65d23f0dd641d7">check_extr_option</link> (
)<para><emphasis>Metoda zwracaja enum, ktory jest rowny ID przycisku wybranego sposrod grupy opcji dot. eksportu pikseli.</emphasis></para>
</para>
                    </listitem>
                </itemizedlist>
            </para>
            <para>
                <itemizedlist>
                    <listitem>
                        <para><link linkend="class_a_hdr_1acfacae70f76a15f200eaafb7e4149ea7">AHdr::AAJWCompression</link> <link linkend="class_main_window_1a006019d118ad5e7179ae907a4df04490">check_comp_option</link> (
)<para><emphasis>Metoda zwracaja enum, ktory jest rowny ID przycisku wybranego sposrod grupy opcji dot. kompresji obrazu.</emphasis></para>
</para>
                    </listitem>
                </itemizedlist>
            </para>
            <para>
                <itemizedlist>
                    <listitem>
                        <para>std::vector&lt; uint8_t &gt; <link linkend="class_main_window_1ae5ce06e29dc65cc9a135067cfa9f26fb">compress_select</link> (
std::vector&lt; uint8_t &gt; &amp; vec, const <link linkend="class_a_hdr_1acfacae70f76a15f200eaafb7e4149ea7">AHdr::AAJWCompression</link> compression, <link linkend="class_a_hdr_1a01dcb9a5d7873d6808645afe873b5227">AHdr::AAJW7bit</link> comp_7bit)<para><emphasis>metoda zwracajaca wektor odpowiednio skompresowany</emphasis></para>
</para>
                    </listitem>
                </itemizedlist>
            </para>
            <para>
                <itemizedlist>
                    <listitem>
                        <para>std::vector&lt; uint8_t &gt; <link linkend="class_main_window_1a50df099464a64d8b45dd6d7bd709cca3">decompress_select</link> (
std::vector&lt; uint8_t &gt; &amp; vec, const <link linkend="class_a_hdr_1acfacae70f76a15f200eaafb7e4149ea7">AHdr::AAJWCompression</link> , <link linkend="class_a_hdr_1a01dcb9a5d7873d6808645afe873b5227">AHdr::AAJW7bit</link> comp_7bit)<para><emphasis>metoda zwracajaca wektor odpowiednio zdekompresowany</emphasis></para>
</para>
                    </listitem>
                </itemizedlist>
            </para>
            <para>
                <itemizedlist>
                    <listitem>
                        <para>void <link linkend="class_main_window_1a9ab4bcea400c33f26f4eccf3755a8458">add_info_text</link> (
QString qstr)<para><emphasis>dodanie informacji do textEdit</emphasis></para>
</para>
                    </listitem>
                </itemizedlist>
            </para>
        </section>
    <simplesect>

<para>Obiekt bedacy glownym oknem interfejsu. </para>
    </simplesect>
        <simplesect>
            <title>Opis szczegółowy</title>

<para>W tym obiekcie znajduja sie deklaracje i definicje metod zwiazanych z obsluga interfejsu, jak i wykonywania (re)konwersji plikow z jednego typu na drugi </para>
                <para>Definition at line 226 of file mainwindow.h</para>
                <para>The Documentation for this struct was generated from the following file: </para>
                <para><itemizedlist><listitem><para>mainwindow.h</para></listitem></itemizedlist></para>
        </simplesect>
        <section>
            <title>Dokumentacja atrybutów składowych</title>
            <simplesect>
                <title>Ui::MainWindow* MainWindow::ui</title>                
<para>okno glowne interfejsu </para>

                <para>Definition at line 326 of file mainwindow.h</para>
                <para>The Documentation for this struct was generated from the following file: </para>
                <para><itemizedlist><listitem><para>mainwindow.h</para></listitem></itemizedlist></para>
            </simplesect>
            <simplesect>
                <title>QButtonGroup MainWindow::comp_group</title>                
<para>Obiekt grupujacy czesc przyciski z Compr_Buttons </para>

                <para>Definition at line 327 of file mainwindow.h</para>
                <para>The Documentation for this struct was generated from the following file: </para>
                <para><itemizedlist><listitem><para>mainwindow.h</para></listitem></itemizedlist></para>
            </simplesect>
            <simplesect>
                <title>QButtonGroup MainWindow::extr_group</title>                
<para>Obiekt grupujacy czesc przyciskow z Extr_Buttons </para>

                <para>Definition at line 328 of file mainwindow.h</para>
                <para>The Documentation for this struct was generated from the following file: </para>
                <para><itemizedlist><listitem><para>mainwindow.h</para></listitem></itemizedlist></para>
            </simplesect>
            <simplesect>
                <title>QList&lt;QRadioButton *&gt; MainWindow::Compr_Buttons</title>                
<para>Lista zgrupowanych przyciskow QRadioButton w ui-&gt;groupBox </para>

                <para>Definition at line 329 of file mainwindow.h</para>
                <para>The Documentation for this struct was generated from the following file: </para>
                <para><itemizedlist><listitem><para>mainwindow.h</para></listitem></itemizedlist></para>
            </simplesect>
            <simplesect>
                <title>QList&lt;QRadioButton *&gt; MainWindow::Extr_Buttons</title>                
<para>Lista zgrupowanych przyciskow QRadioButton w ui-&gt;scrollArea </para>

                <para>Definition at line 330 of file mainwindow.h</para>
                <para>The Documentation for this struct was generated from the following file: </para>
                <para><itemizedlist><listitem><para>mainwindow.h</para></listitem></itemizedlist></para>
            </simplesect>
            <simplesect>
                <title>sf::RenderWindow MainWindow::Viewer</title>                
<para>obiekt wyswietlajacy okno z obrazami </para>

                <para>Definition at line 331 of file mainwindow.h</para>
                <para>The Documentation for this struct was generated from the following file: </para>
                <para><itemizedlist><listitem><para>mainwindow.h</para></listitem></itemizedlist></para>
            </simplesect>
            <simplesect>
                <title>unsigned_pair MainWindow::Viewer_def_size</title>                
<para>domyslne wymiary okna SFML </para>

                <para>Definition at line 346 of file mainwindow.h</para>
                <para>The Documentation for this struct was generated from the following file: </para>
                <para><itemizedlist><listitem><para>mainwindow.h</para></listitem></itemizedlist></para>
            </simplesect>
            <simplesect>
                <title>QResource MainWindow::logo</title>                
<para>obiekt przechowujacy logo.png </para>

                <para>Definition at line 347 of file mainwindow.h</para>
                <para>The Documentation for this struct was generated from the following file: </para>
                <para><itemizedlist><listitem><para>mainwindow.h</para></listitem></itemizedlist></para>
            </simplesect>
            <simplesect>
                <title>QResource MainWindow::logo_error</title>                
<para>obiekt przechowujacy logo_error.png </para>

                <para>Definition at line 348 of file mainwindow.h</para>
                <para>The Documentation for this struct was generated from the following file: </para>
                <para><itemizedlist><listitem><para>mainwindow.h</para></listitem></itemizedlist></para>
            </simplesect>
        </section>
            <section xml:id="class_main_window_1a11e3895b953cf51549ff48414e226c24">
                <title>void MainWindow::closeEvent (QCloseEvent *event) Q_DECL_OVERRIDE</title> <emphasis>nadpisanie zdarzenia wyjscia z okna QMainWindow</emphasis>
                
<para>Nadpisanie eventu umozliwia wyswietlenie okna z dialogiem oraz przeprowadzenie zamkniecia pozostalych elementow aplikacji </para>

            </section>
            <section xml:id="class_main_window_1a8b244be8b7b7db1b08de2a2acb9409db">
                <title>MainWindow::MainWindow (QWidget *parent=0)</title> <emphasis>Konstruktor okna glownego.</emphasis>
                
<para>Konstruktor okna glownego programu, w ktorym zostaly osadzone wszystkie elementy interfejsu (przyciski, listy, pola tekstowe etc) </para>

            </section>
            <section xml:id="class_main_window_1ae98d00a93bc118200eeef9f9bba1dba7">
                <title>MainWindow::~MainWindow ()</title> <emphasis>Destruktor okna glownego.</emphasis>
                
<para><link linkend="class_main_window_1ae98d00a93bc118200eeef9f9bba1dba7">MainWindow::~MainWindow</link>.</para>

<para>Destruktor okna glownego programu, w ktorym zostaly osadzone wszystkie elementy interfejsu (przyciski, listy, pola tekstowe etc)</para>

<para>destruktor okna glownego UI </para>

            </section>
            <section xml:id="class_main_window_1a199e2e317182b9a50dd62e7c40c545af">
                <title>bool MainWindow::quit_ask ()</title> <emphasis>wyswietlenie zapytania o potwierdzenie wyjscia z aplikacji</emphasis>
                
<para>Metoda wyswietla okno z zapytaniem i zwraca true, w przypadku potwierdzenia oraz false dla kazdego inengo przypadku (klikniecie No lub zamkniecie okna) </para>

            </section>
            <section xml:id="class_main_window_1afd296040ec345683dbfc48e9cf6e682f">
                <title>bool MainWindow::SFML_load (QListWidgetItem *item, SFML_Objects &amp;obj, sf::RenderWindow &amp;Window)</title> <emphasis>zaladowanie tekstury z pliku do sprite</emphasis>
                
<para>Jako argumenty przyjmuje 3 zmienne 
                <formalpara>
                    <title/>
                    <table frame="all">
                        <title>Parametry                        </title>
                        <tgroup cols="2" align="left" colsep="1" rowsep="1">
                        <colspec colwidth="1*"/>
                        <colspec colwidth="4*"/>
                        <tbody>
                            <row>
                                <entry>item</entry>
                                <entry>
<para>– obiekt z QListWidget zawierajacy adres do pliku </para>
</entry>
                            </row>
                            <row>
                                <entry>obj</entry>
                                <entry>
<para>– obiekt zawierajacy sf::Texture i sf::Sprite </para>
</entry>
                            </row>
                            <row>
                                <entry>Window</entry>
                                <entry>
<para>- okno na podstawie ktorego dobierana jest skala</para>
</entry>
                            </row>
                        </tbody>
                        </tgroup>
                    </table>
                </formalpara>
                Podczas ladowania, automatycznie dobierze skale i pozycje obrazu wzgledem domyslnych argumentow obiektu typu <link linkend="class_scale">Scale</link>; W przypadku niepowodzenia ladowania obrazu metoda (loadfromFile) obraz zastapiony zostanie obrazem logo_error zaladowanym przez metode SFML_QRes </para>

            </section>
            <section xml:id="class_main_window_1af048fe2efdc62347ee50ff80fcb3f115">
                <title>void MainWindow::SFML_display (QListWidgetItem *item, SFML_Objects &amp;obj, sf::RenderWindow &amp;Window)</title> <emphasis>wyswietlenie sprite&apos;a na zadanym oknie</emphasis>
                
<para>Jako argumenty przyjmuje 3 zmienne 
                <formalpara>
                    <title/>
                    <table frame="all">
                        <title>Parametry                        </title>
                        <tgroup cols="2" align="left" colsep="1" rowsep="1">
                        <colspec colwidth="1*"/>
                        <colspec colwidth="4*"/>
                        <tbody>
                            <row>
                                <entry>item</entry>
                                <entry>
<para>– obiekt z QListWidget zawierajacy adres do pliku </para>
</entry>
                            </row>
                            <row>
                                <entry>obj</entry>
                                <entry>
<para>– obiekt zawierajacy sf::Texture i sf::Sprite </para>
</entry>
                            </row>
                            <row>
                                <entry>Window</entry>
                                <entry>
<para>- okno na podstawie ktorego dobierana jest skala</para>
</entry>
                            </row>
                        </tbody>
                        </tgroup>
                    </table>
                </formalpara>
                Metoda ma na celu zapewnic obsluge zdarzen podczas przegladania zgromadzonych plikow takich jak: -zmiana obrazka na nastepny na liscie -zmiana rozmiaru okna -zamykanie okna (poprzez przycisk oraz klawisz Esc) </para>

            </section>
            <section xml:id="class_main_window_1a23650c4481350ca90689c219b9679dec">
                <title>bool MainWindow::SFML_QRes (SFML_Objects &amp;obj, QResource &amp;res)</title> <emphasis>zaladowanie do tekstury i sprite&apos;a obrazu QResource</emphasis>
                
<para>Jako argumenty przyjmuje 2 zmienne 
                <formalpara>
                    <title/>
                    <table frame="all">
                        <title>Parametry                        </title>
                        <tgroup cols="2" align="left" colsep="1" rowsep="1">
                        <colspec colwidth="1*"/>
                        <colspec colwidth="4*"/>
                        <tbody>
                            <row>
                                <entry>obj</entry>
                                <entry>
<para>– obiekt zawierajacy sf::Texture* i sf::Sprite* </para>
</entry>
                            </row>
                            <row>
                                <entry>res</entry>
                                <entry>
<para>- obiekt zawierajacy odpowiedni obraz</para>
</entry>
                            </row>
                        </tbody>
                        </tgroup>
                    </table>
                </formalpara>
                Wykonuje metode loadFromMemory, ktora przypsisuje do obiektu sf::Texture obiekt QResource Zwraca true w przypadku sukcesu (czyli poprawnego zaladowania tekstury oraz sprite&apos;a). W przypadku niepowodzenia, tekstura nie ulega zmianie. </para>

            </section>
            <section xml:id="class_main_window_1a3667d6fd5c0b02f5d7bad5b444fd2175">
                <title>bool MainWindow::convert (std::vector&lt; uint8_t &gt; &amp;vector, std::string name, const ImgBaseInfo info)</title> <emphasis>wykonanie konwersji wektora danych na odpowiedni plik.</emphasis>
                
<para>Jako argumenty przyjmuje 3 zmienne 
                <formalpara>
                    <title/>
                    <table frame="all">
                        <title>Parametry                        </title>
                        <tgroup cols="2" align="left" colsep="1" rowsep="1">
                        <colspec colwidth="1*"/>
                        <colspec colwidth="4*"/>
                        <tbody>
                            <row>
                                <entry>vector</entry>
                                <entry>
<para>– wektor zawierajacy piksele obrazu zapisane w odpowiednim formacie </para>
</entry>
                            </row>
                            <row>
                                <entry>name</entry>
                                <entry>
<para>- zawiera sciezke i nazwe pliku </para>
</entry>
                            </row>
                            <row>
                                <entry>info</entry>
                                <entry>
<para>- obiekt zawierajacy informacje na temat obrazu i zadanych parametrow konwersji</para>
</entry>
                            </row>
                        </tbody>
                        </tgroup>
                    </table>
                </formalpara>
                Metoda wykonywana jest jako czesc metody wywolywanych przyciskiem odpowiedzialnym za konwersje. Trafia do niej wektor wyciagniety metoda opisana w <link linkend="vec__extr_8h">vec_extr.h</link></para>

<para>Metoda zajmujaca sie konwersja bitmapy na nowy format </para>

            </section>
            <section xml:id="class_main_window_1a5726c29c7f0d72d8953a3997262fefcc">
                <title>bool MainWindow::reconvert (std::string name)</title> <emphasis>wykonanie rekonwersji pliku .aajw na .bmp</emphasis>
                
<para>Jako argumenty przyjmuje 1 zmienna: 
                <formalpara>
                    <title/>
                    <table frame="all">
                        <title>Parametry                        </title>
                        <tgroup cols="2" align="left" colsep="1" rowsep="1">
                        <colspec colwidth="1*"/>
                        <colspec colwidth="4*"/>
                        <tbody>
                            <row>
                                <entry>name</entry>
                                <entry>
<para>- zawiera sciezke i nazwe pliku</para>
</entry>
                            </row>
                        </tbody>
                        </tgroup>
                    </table>
                </formalpara>
                Metoda wykonywana jest jako czesc metody wywolywanych przyciskiem odpowiedzialnym za rekonwersje. Zostaje w niej otwarcie pliku, wyeksportowanie odpowiednich danych i proba zapisu pliku do bitmapy za pomoca metody opisanej w <link linkend="vec__extr_8h">vec_extr.h</link> (oraz <link linkend="vec__bmp_8h">vec_bmp.h</link> z ktorej dziedzy odpowiednia klase). W przypadku niepowodzenia zwroci wartosc false. </para>

            </section>
            <section xml:id="class_main_window_1aba1ef7518ba72537fb65d23f0dd641d7">
                <title>Vec_Extr::color_mode MainWindow::check_extr_option ()</title> <emphasis>Metoda zwracaja enum, ktory jest rowny ID przycisku wybranego sposrod grupy opcji dot. eksportu pikseli.</emphasis>
                
<para>Metoda wymaga, aby dostepne przyciski byly zgodne z kolejnoscia wartosci enum <link linkend="class_vec___extr_1a8d7151eccfe7802f8a7ee13858efd092">Vec_Extr::color_mode</link> przyjmujac ,ze ID przyciskow jest numerowane od 0, rosnaco w dol, a ich ilosc jest nie wieksza niz ilosc dostepnych opcji z enuma </para>

            </section>
            <section xml:id="class_main_window_1a006019d118ad5e7179ae907a4df04490">
                <title>AHdr::AAJWCompression MainWindow::check_comp_option ()</title> <emphasis>Metoda zwracaja enum, ktory jest rowny ID przycisku wybranego sposrod grupy opcji dot. kompresji obrazu.</emphasis>
                
<para>Metoda wymaga, aby dostepne przyciski byly zgodne z kolejnoscia wartosci enum w klasie <link linkend="class_a_hdr_1acfacae70f76a15f200eaafb7e4149ea7">AHdr::AAJWCompression</link> przyjmujac ,ze ID przyciskow jest numerowane od 0, rosnaco w dol, a ich ilosc jest nie wieksza niz ilosc dostepnych opcji z enuma </para>

            </section>
            <section xml:id="class_main_window_1ae5ce06e29dc65cc9a135067cfa9f26fb">
                <title>std::vector&lt; uint8_t &gt; MainWindow::compress_select (std::vector&lt; uint8_t &gt; &amp;vec, const AHdr::AAJWCompression compression, AHdr::AAJW7bit comp_7bit)</title> <emphasis>metoda zwracajaca wektor odpowiednio skompresowany</emphasis>
                
<para>Jest to metoda ktora zbiera wszystkie dostepne algorytmy kompresji z <link linkend="rle__c_8h">rle_c.h</link> i <link linkend="byterun__c_8h">byterun_c.h</link> i dokonuje kompresji na podstawie wejsciowych parametrow:</para>

<para>
                <formalpara>
                    <title/>
                    <table frame="all">
                        <title>Parametry                        </title>
                        <tgroup cols="2" align="left" colsep="1" rowsep="1">
                        <colspec colwidth="1*"/>
                        <colspec colwidth="4*"/>
                        <tbody>
                            <row>
                                <entry>vec</entry>
                                <entry>
<para>- wektor do kompresji </para>
</entry>
                            </row>
                            <row>
                                <entry>compression</entry>
                                <entry>
<para>- enum powiazany z naglowkiem formatu .aajw -rodzaj algorytmu kompresji </para>
</entry>
                            </row>
                            <row>
                                <entry>comp_7bit</entry>
                                <entry>
<para>- enum powiazany z naglowkiem formatu .aajw -obecnosc 7bitowego upakowania</para>
</entry>
                            </row>
                        </tbody>
                        </tgroup>
                    </table>
                </formalpara>
                Nalezy zwrocic uwage, ze dostepne algorytmy RLE i ByteRun wymagaja obecnosci tzw magicznych liczb, ktore umozliwiaja przedstawienie sekwencji liczb kopiowanych/powtarzanych. Z tego powodu na poczatku zostanie utracona czesc informacji na temat obrazu. Zostaje zarezerwowana wartosc &quot;0&quot; z puli 0-255 jako oznaczenie sekwencji. <formalpara><title>Ostrzeżenie: </title>

<para>mozliwa jest zmiana zarezerwowanej wartosci poprzez modyfikacje implementacji algorytmow. W tym przypadku zalecane byloby przeprowadzenie wstepnej analizy na temat najrzadziej wystepujacej barwy w obrazie i dynamicznego ustalania znacznika w celu zmniejszenia straty w obrazie. 
<literallayout>
</literallayout>
 W przypadku stosowania 7bitowego upakowania mozliwe jest zastosowanie dodatkowo algorytmu RLE i ByteRun 1-bajtowego, ktory moze jednak dac zwiekszony rozmiar plik (do 2x wiekszy rozmiar pliku wyjsciowego), poniewaz dzialaja one w ograniczony sposob (brak magicznych liczb sprawia, ze RLE i ByteRun sprowadzaja sie do tej samej metodyki). Dopuszczalny jest rownie RLE 3-bajtowy, ktory operuje na dodaniu kontrolnego ciagu na koncu skompresowanych danych. </para>
</formalpara>
</para>

            </section>
            <section xml:id="class_main_window_1a50df099464a64d8b45dd6d7bd709cca3">
                <title>std::vector&lt; uint8_t &gt; MainWindow::decompress_select (std::vector&lt; uint8_t &gt; &amp;vec, const AHdr::AAJWCompression, AHdr::AAJW7bit comp_7bit)</title> <emphasis>metoda zwracajaca wektor odpowiednio zdekompresowany</emphasis>
                
<para>Jest to metoda ktora zbiera wszystkie dostepne algorytmy dekompresji z <link linkend="rle__c_8h">rle_c.h</link> i <link linkend="byterun__c_8h">byterun_c.h</link> i dokonuje dekompresji na podstawie wejsciowych parametrow:</para>

<para>
                <formalpara>
                    <title/>
                    <table frame="all">
                        <title>Parametry                        </title>
                        <tgroup cols="2" align="left" colsep="1" rowsep="1">
                        <colspec colwidth="1*"/>
                        <colspec colwidth="4*"/>
                        <tbody>
                            <row>
                                <entry>vec</entry>
                                <entry>
<para>- wektor do dekompresji </para>
</entry>
                            </row>
                            <row>
                                <entry>compression</entry>
                                <entry>
<para>- enum powiazany z naglowkiem formatu .aajw -rodzaj algorytmu kompresji </para>
</entry>
                            </row>
                            <row>
                                <entry>comp_7bit</entry>
                                <entry>
<para>- enum powiazany z naglowkiem formatu .aajw -obecnosc 7bitowego upakowania</para>
</entry>
                            </row>
                        </tbody>
                        </tgroup>
                    </table>
                </formalpara>
                Sposob dzialania metody jest podobny do compress_select , z ta roznica, ze wywolywane sa tutaj algorytmy dekompresji. </para>

            </section>
            <section xml:id="class_main_window_1a9ab4bcea400c33f26f4eccf3755a8458">
                <title>void MainWindow::add_info_text (QString qstr)</title> <emphasis>dodanie informacji do textEdit</emphasis>
                
<para>
                <formalpara>
                    <title/>
                    <table frame="all">
                        <title>Parametry                        </title>
                        <tgroup cols="2" align="left" colsep="1" rowsep="1">
                        <colspec colwidth="1*"/>
                        <colspec colwidth="4*"/>
                        <tbody>
                            <row>
                                <entry>qstr</entry>
                                <entry>
<para>- wiadomosc do dodania </para>
</entry>
                            </row>
                        </tbody>
                        </tgroup>
                    </table>
                </formalpara>
                </para>

            </section>
</section>
