<?xml version='1.0' encoding='UTF-8' standalone='no'?>
<section xmlns="http://docbook.org/ns/docbook" version="5.0" xmlns:xlink="http://www.w3.org/1999/xlink" xml:id="class_vec___b_m_p">
<title>Vec_BMP class Reference</title>
<para>
    <programlisting>#include <link linkend="vec__bmp_8h">&lt;vec_bmp.h&gt;</link></programlisting>
</para>
<para>Inheritance diagram for Vec_BMP</para>
<para>
    <figure>
        <title>Inheritance graph</title>
        <mediaobject>
            <imageobject>
                <imagedata width="50%" align="center" valign="middle" scalefit="1" fileref="class_vec___b_m_p__inherit__graph.png"></imagedata>
            </imageobject>
        </mediaobject>
    </figure>
</para>
<para>Collaboration diagram for Vec_BMP</para>
<para>
    <figure>
        <title>Collaboration graph</title>
        <mediaobject>
            <imageobject>
                <imagedata width="50%" align="center" valign="middle" scalefit="1" fileref="class_vec___b_m_p__coll__graph.png"></imagedata>
            </imageobject>
        </mediaobject>
    </figure>
</para>
        <section>
            <title> Klasy </title>
            <para>
                <itemizedlist>
                    <listitem>
                        <para>struct <link linkend="struct_vec___b_m_p_1_1_b_i_t_m_a_p_f_i_l_e_h_e_a_d_e_r">Vec_BMP::BITMAPFILEHEADER</link></para>
<para><emphasis>struktura zgodna z odpowiednikiem z windows.h</emphasis></para>
                    </listitem>
                </itemizedlist>
            </para>
            <para>
                <itemizedlist>
                    <listitem>
                        <para>struct <link linkend="struct_vec___b_m_p_1_1_b_i_t_m_a_p_i_n_f_o_h_e_a_d_e_r">Vec_BMP::BITMAPINFOHEADER</link></para>
<para><emphasis>struktura zgodna z odpowiednikiem z windows.h</emphasis></para>
                    </listitem>
                </itemizedlist>
            </para>
            <para>
                <itemizedlist>
                    <listitem>
                        <para>struct <link linkend="struct_vec___b_m_p_1_1_r_g_b_q_u_a_d">Vec_BMP::RGBQUAD</link></para>
<para><emphasis>struktura zgodna z odpowiednikiem z windows.h</emphasis></para>
                    </listitem>
                </itemizedlist>
            </para>
        </section>
        <section>
            <title></title>
            <para>
                <itemizedlist>
                    <listitem>
                        <para> <link linkend="class_vec___b_m_p_1a227e50226a532bfd54e6d960b6072dcd">Vec_BMP</link> (
)</para>
                    </listitem>
                </itemizedlist>
            </para>
            <para>
                <itemizedlist>
                    <listitem>
                        <para><link linkend="struct_vec___b_m_p_1_1_b_i_t_m_a_p_f_i_l_e_h_e_a_d_e_r">Vec_BMP::BITMAPFILEHEADER</link> <link linkend="class_vec___b_m_p_1ae23ef5d71b03a20434770fc918a3b489">deserialize_header_file</link> (
std::vector&lt; uint8_t &gt; vec)<para><emphasis>deserializacja BITMAPFILEHEADER z little endian</emphasis></para>
</para>
                    </listitem>
                </itemizedlist>
            </para>
            <para>
                <itemizedlist>
                    <listitem>
                        <para><link linkend="struct_vec___b_m_p_1_1_b_i_t_m_a_p_i_n_f_o_h_e_a_d_e_r">Vec_BMP::BITMAPINFOHEADER</link> <link linkend="class_vec___b_m_p_1a27a5e5986f85516f8a046ba0daa07913">deserialize_header_info</link> (
std::vector&lt; uint8_t &gt; vec)<para><emphasis>deserializacja BITMAPINFOHEADER z little endian</emphasis></para>
</para>
                    </listitem>
                </itemizedlist>
            </para>
        </section>
        <section>
            <title></title>
            <para>
                <itemizedlist>
                    <listitem>
                        <para>static bool <link linkend="class_vec___b_m_p_1a2c22309653b524d473ef671ba4c1fd18">SaveToBMP</link> (
const std::string file, const std::vector&lt; uint8_t &gt; &amp; vector, int32_t w, int32_t h, uint8_t bbp)<para><emphasis>Zapisanie wektora do 24-bitowej bitmapy.</emphasis></para>
</para>
                    </listitem>
                </itemizedlist>
            </para>
            <para>
                <itemizedlist>
                    <listitem>
                        <para>static bool <link linkend="class_vec___b_m_p_1a61e14c6159b9ca012568a853c8d4b11a">QSaveToBMP</link> (
std::string file, const std::vector&lt; uint8_t &gt; &amp; vector, int32_t w, int32_t h, uint8_t bbp)<para><emphasis>Zapisanie wektora do 24-bitowej bitmapy wykorzystujac obiekty QT.</emphasis></para>
</para>
                    </listitem>
                </itemizedlist>
            </para>
            <para>
                <itemizedlist>
                    <listitem>
                        <para>static int <link linkend="class_vec___b_m_p_1addb2d7cdeba20e70d873e72b0c11330f">size_of_elements_info</link> (
)<para><emphasis>rozmiar struktury BITMAPFILEHEADER przy de/serializacji</emphasis></para>
</para>
                    </listitem>
                </itemizedlist>
            </para>
            <para>
                <itemizedlist>
                    <listitem>
                        <para>static int <link linkend="class_vec___b_m_p_1a08a8ab56855abbfd977858febac8ef27">size_of_elements_file</link> (
)<para><emphasis>rozmiar struktury BITMAPINFOHEADER przy de/serializacji</emphasis></para>
</para>
                    </listitem>
                </itemizedlist>
            </para>
            <para>
                <itemizedlist>
                    <listitem>
                        <para>static std::vector&lt; uint8_t &gt; <link linkend="class_vec___b_m_p_1a574b49380069a1ef4e9ce87385a54144">serialize_header_file</link> (
<link linkend="struct_vec___b_m_p_1_1_b_i_t_m_a_p_f_i_l_e_h_e_a_d_e_r">Vec_BMP::BITMAPFILEHEADER</link> hdr)<para><emphasis>serializacja BITMAPFILEHEADER</emphasis></para>
</para>
                    </listitem>
                </itemizedlist>
            </para>
            <para>
                <itemizedlist>
                    <listitem>
                        <para>static std::vector&lt; uint8_t &gt; <link linkend="class_vec___b_m_p_1aa50195e9591d65b5b7104199fb6e2171">serialize_header_info</link> (
<link linkend="struct_vec___b_m_p_1_1_b_i_t_m_a_p_i_n_f_o_h_e_a_d_e_r">Vec_BMP::BITMAPINFOHEADER</link> hdr)<para><emphasis>serializacja BITMAPINFOHEADER</emphasis></para>
</para>
                    </listitem>
                </itemizedlist>
            </para>
        </section>
        <section>
            <title></title>
            <para>
                <itemizedlist>
                    <listitem>
                    </listitem>
                </itemizedlist>
            </para>
            <para>
                <itemizedlist>
                    <listitem>
                    </listitem>
                </itemizedlist>
            </para>
            <para>
                <itemizedlist>
                    <listitem>
                    </listitem>
                </itemizedlist>
            </para>
        </section>
    <simplesect>

<para>Klasa odpowiedzialna za zapisywanie danych do bitmapy. </para>
    </simplesect>
        <simplesect>
            <title>Opis szczegółowy</title>

<para>Celem klasy jest zebranie metod zapisu danych zawartych w wektorze do bitmapy. Zaimplementowane zostaly nastepujace metody statyczne:<itemizedlist>
<listitem>
<para>SaveTo24BMP, QSaveToBMP</para>
</listitem><listitem>
<para>PackVector</para>
</listitem><listitem>
<para>do zapisu implementacja naglowka <link linkend="struct_vec___b_m_p_1_1_b_i_t_m_a_p_i_n_f_o_h_e_a_d_e_r">BITMAPINFOHEADER</link> (rozmiar 40 bit) oraz <link linkend="struct_vec___b_m_p_1_1_b_i_t_m_a_p_f_i_l_e_h_e_a_d_e_r">BITMAPFILEHEADER</link> (14 bit). W celu unikniecia wykorzystania biblioteki windows.h zostaly one zaimplementowane wewnatrz klasy. Z racji wykorzystania tylko tego naglowka, mozliwa jest kompatybilnosc z prawie wszystkimi programami graficznymi. Specyfikacja dotyczaca formatu na stronie MS:<itemizedlist>
<listitem>
<para><link xlink:href="https://msdn.microsoft.com/en-us/library/windows/desktop/dd183391(v=vs.85).aspx">format .bmp</link></para>
</listitem><listitem>
<para><link xlink:href="https://msdn.microsoft.com/en-us/library/windows/desktop/dd183374(v=vs.85).aspx">BITMAPFILEHEADER</link></para>
</listitem><listitem>
<para><link xlink:href="https://msdn.microsoft.com/en-us/library/windows/desktop/dd183376(v=vs.85).aspx">BITMAPINFOHEADER</link> </para>
</listitem></itemizedlist>
</para>
</listitem></itemizedlist>
</para>
                <para>Definition at line 26 of file vec_bmp.h</para>
                <para>The Documentation for this struct was generated from the following file: </para>
                <para><itemizedlist><listitem><para>vec_bmp.h</para></listitem></itemizedlist></para>
        </simplesect>
            <section xml:id="class_vec___b_m_p_1a227e50226a532bfd54e6d960b6072dcd">
                <title>Vec_BMP::Vec_BMP ()</title> <emphasis></emphasis>
                
            </section>
            <section xml:id="class_vec___b_m_p_1ae23ef5d71b03a20434770fc918a3b489">
                <title>Vec_BMP::BITMAPFILEHEADER Vec_BMP::deserialize_header_file (std::vector&lt; uint8_t &gt; vec)</title> <emphasis>deserializacja BITMAPFILEHEADER z little endian</emphasis>
                
<para>
                <formalpara>
                    <title/>
                    <table frame="all">
                        <title>Parametry                        </title>
                        <tgroup cols="2" align="left" colsep="1" rowsep="1">
                        <colspec colwidth="1*"/>
                        <colspec colwidth="4*"/>
                        <tbody>
                            <row>
                                <entry>vec</entry>
                                <entry>
<para>- wektor danych wejsciowych o rozmiarze podanym przez size_of_elemets_file() </para>
</entry>
                            </row>
                        </tbody>
                        </tgroup>
                    </table>
                </formalpara>
                <formalpara><title>Zwraca: </title>

<para>struktura wypelniona danymi z wektora </para>
</formalpara>
</para>

            </section>
            <section xml:id="class_vec___b_m_p_1a27a5e5986f85516f8a046ba0daa07913">
                <title>Vec_BMP::BITMAPINFOHEADER Vec_BMP::deserialize_header_info (std::vector&lt; uint8_t &gt; vec)</title> <emphasis>deserializacja BITMAPINFOHEADER z little endian</emphasis>
                
<para>
                <formalpara>
                    <title/>
                    <table frame="all">
                        <title>Parametry                        </title>
                        <tgroup cols="2" align="left" colsep="1" rowsep="1">
                        <colspec colwidth="1*"/>
                        <colspec colwidth="4*"/>
                        <tbody>
                            <row>
                                <entry>vec</entry>
                                <entry>
<para>- wektor danych wejsciowych o rozmiarze podanym przez size_of_elemets_info() </para>
</entry>
                            </row>
                        </tbody>
                        </tgroup>
                    </table>
                </formalpara>
                <formalpara><title>Zwraca: </title>

<para>struktura wypelniona danymi z wektora </para>
</formalpara>
</para>

            </section>
            <section xml:id="class_vec___b_m_p_1a2c22309653b524d473ef671ba4c1fd18">
                <title>bool Vec_BMP::SaveToBMP (const std::string file, const std::vector&lt; uint8_t &gt; &amp;vector, int32_t w, int32_t h, uint8_t bbp)</title> <emphasis>Zapisanie wektora do 24-bitowej bitmapy.</emphasis>
                
<para>
                <formalpara>
                    <title/>
                    <table frame="all">
                        <title>Parametry                        </title>
                        <tgroup cols="2" align="left" colsep="1" rowsep="1">
                        <colspec colwidth="1*"/>
                        <colspec colwidth="4*"/>
                        <tbody>
                            <row>
                                <entry>file</entry>
                                <entry>
<para>- plik do ktorego ma zostac zapisana bitmapa </para>
</entry>
                            </row>
                            <row>
                                <entry>vector</entry>
                                <entry>
<para>- wektor z danymi w formacie RGB </para>
</entry>
                            </row>
                            <row>
                                <entry>w</entry>
                                <entry>
<para>- szerokosc w pikselach </para>
</entry>
                            </row>
                            <row>
                                <entry>h</entry>
                                <entry>
<para>- wysokosc w pikselach </para>
</entry>
                            </row>
                            <row>
                                <entry>bbp</entry>
                                <entry>
<para>- ilosc bitow przypadajacych na jeden piksel</para>
</entry>
                            </row>
                        </tbody>
                        </tgroup>
                    </table>
                </formalpara>
                Metoda w przypadku sukcesu zwraca true. W przypadku, gdy ktorys argumentow metody bedzie niepoprawny, funkcja przerwie swoje dzialanie i zwroci wartosc false. Metoda tworzy nowy plik, do ktorego zostaja zapisane informacje w postaci binarnej. Na poczatku, zgodnie z standardem zostaja zapisane struktury informujace o parametrach pliku, a nastepnie dane z wektora. Argument bbp jest w stanie obsluzyc zapis wartosci 32,24,8 bitowych. Inne wartosci nie sa aktualnie obslugiwane. 
<literallayout>
</literallayout>
 <formalpara><title>Ostrzeżenie: </title>

<para>Metoda wymaga, by dane byly przygotowane w odpowiednim formacie (tj zgodnie z odczytem, czyli zaczynajac od ostaniego rzedu) Obecny musi byc padding w wektorze. Aby zapewnic kompatybilnosc, przed wykonaniem tej metody, nalezy wykonac metode Vec_Extr::PackVector(). </para>
</formalpara>
</para>

            </section>
            <section xml:id="class_vec___b_m_p_1a61e14c6159b9ca012568a853c8d4b11a">
                <title>bool Vec_BMP::QSaveToBMP (std::string file, const std::vector&lt; uint8_t &gt; &amp;vector, int32_t w, int32_t h, uint8_t bbp)</title> <emphasis>Zapisanie wektora do 24-bitowej bitmapy wykorzystujac obiekty QT.</emphasis>
                
<para>
                <formalpara>
                    <title/>
                    <table frame="all">
                        <title>Parametry                        </title>
                        <tgroup cols="2" align="left" colsep="1" rowsep="1">
                        <colspec colwidth="1*"/>
                        <colspec colwidth="4*"/>
                        <tbody>
                            <row>
                                <entry>file</entry>
                                <entry>
<para>- plik do ktorego ma zostac zapisana bitmapa </para>
</entry>
                            </row>
                            <row>
                                <entry>vector</entry>
                                <entry>
<para>- wektor z danymi w formacie RGB </para>
</entry>
                            </row>
                            <row>
                                <entry>w</entry>
                                <entry>
<para>- szerokosc w pikselach </para>
</entry>
                            </row>
                            <row>
                                <entry>h</entry>
                                <entry>
<para>- wysokosc w pikselach </para>
</entry>
                            </row>
                            <row>
                                <entry>bbp</entry>
                                <entry>
<para>- ilosc bitow przypadajacych na jeden piksel</para>
</entry>
                            </row>
                        </tbody>
                        </tgroup>
                    </table>
                </formalpara>
                Metoda identyczna w dzialaniu co SaveToBMP z tym, ze uzyte zostaja obiekty biblioteki QT (QFile, QDataStream) w celu zapisu pliku Metoda gwarantuje, ze podczas zapisu danych to pliku zostana one podane procesowi serializacji. Ustawionym trybem zapisu jest little endian, co jest w zgodzie z formatem bitmapy. Metoda uzywa przeladowan operatorow QDataStream &lt;&lt; dla struktur wykorzystywanych przez bitmapy </para>

            </section>
            <section xml:id="class_vec___b_m_p_1addb2d7cdeba20e70d873e72b0c11330f">
                <title>int Vec_BMP::size_of_elements_info ()</title> <emphasis>rozmiar struktury BITMAPFILEHEADER przy de/serializacji</emphasis>
                
<para><formalpara><title>Zwraca: </title>

<para>ilosc bajtow stanowiacych sume rozmiarow wszstkich elementow </para>
</formalpara>
</para>

            </section>
            <section xml:id="class_vec___b_m_p_1a08a8ab56855abbfd977858febac8ef27">
                <title>int Vec_BMP::size_of_elements_file ()</title> <emphasis>rozmiar struktury BITMAPINFOHEADER przy de/serializacji</emphasis>
                
<para><formalpara><title>Zwraca: </title>

<para>ilosc bajtow stanowiacych sume rozmiarow wszstkich elementow </para>
</formalpara>
</para>

            </section>
            <section xml:id="class_vec___b_m_p_1a574b49380069a1ef4e9ce87385a54144">
                <title>std::vector&lt; uint8_t &gt; Vec_BMP::serialize_header_file (Vec_BMP::BITMAPFILEHEADER hdr)</title> <emphasis>serializacja BITMAPFILEHEADER</emphasis>
                
<para>
                <formalpara>
                    <title/>
                    <table frame="all">
                        <title>Parametry                        </title>
                        <tgroup cols="2" align="left" colsep="1" rowsep="1">
                        <colspec colwidth="1*"/>
                        <colspec colwidth="4*"/>
                        <tbody>
                            <row>
                                <entry>hdr</entry>
                                <entry>
<para>- struktura wejsciowa </para>
</entry>
                            </row>
                        </tbody>
                        </tgroup>
                    </table>
                </formalpara>
                <formalpara><title>Zwraca: </title>

<para>wektor zserializowanych danych do little endian </para>
</formalpara>
</para>

            </section>
            <section xml:id="class_vec___b_m_p_1aa50195e9591d65b5b7104199fb6e2171">
                <title>std::vector&lt; uint8_t &gt; Vec_BMP::serialize_header_info (Vec_BMP::BITMAPINFOHEADER hdr)</title> <emphasis>serializacja BITMAPINFOHEADER</emphasis>
                
<para>
                <formalpara>
                    <title/>
                    <table frame="all">
                        <title>Parametry                        </title>
                        <tgroup cols="2" align="left" colsep="1" rowsep="1">
                        <colspec colwidth="1*"/>
                        <colspec colwidth="4*"/>
                        <tbody>
                            <row>
                                <entry>hdr</entry>
                                <entry>
<para>- struktura wejsciowa </para>
</entry>
                            </row>
                        </tbody>
                        </tgroup>
                    </table>
                </formalpara>
                <formalpara><title>Zwraca: </title>

<para>- wektor zserializowanych danych do little endian </para>
</formalpara>
</para>

            </section>
</section>
