<?xml version='1.0' encoding='UTF-8' standalone='no'?>
<section xmlns="http://docbook.org/ns/docbook" version="5.0" xmlns:xlink="http://www.w3.org/1999/xlink" xml:id="class_seven_bit_comp">
<title>SevenBitComp class Reference</title>
<para>
    <programlisting>#include <link linkend="sevenbitcomp_8h">&lt;sevenbitcomp.h&gt;</link></programlisting>
</para>
<para>Inheritance diagram for SevenBitComp</para>
<para>
    <figure>
        <title>Inheritance graph</title>
        <mediaobject>
            <imageobject>
                <imagedata width="50%" align="center" valign="middle" scalefit="1" fileref="class_seven_bit_comp__inherit__graph.png"></imagedata>
            </imageobject>
        </mediaobject>
    </figure>
</para>
<para>Collaboration diagram for SevenBitComp</para>
<para>
    <figure>
        <title>Collaboration graph</title>
        <mediaobject>
            <imageobject>
                <imagedata width="50%" align="center" valign="middle" scalefit="1" fileref="class_seven_bit_comp__coll__graph.png"></imagedata>
            </imageobject>
        </mediaobject>
    </figure>
</para>
        <section>
            <title>Atrybuty publiczne</title>
            <para>
                <itemizedlist>
                    <listitem>
                        <para>std::vector&lt; uint8_t &gt; compressedData</para>
                    </listitem>
                </itemizedlist>
            </para>
        </section>
        <section>
            <title></title>
            <para>
                <itemizedlist>
                    <listitem>
                        <para> <link linkend="class_seven_bit_comp_1a88537f3efcfb1ded41fa646135be60b9">SevenBitComp</link> (
)</para>
                    </listitem>
                </itemizedlist>
            </para>
            <para>
                <itemizedlist>
                    <listitem>
                        <para> <link linkend="class_seven_bit_comp_1a61568c430e83443ecb2ef290e41d8f53">~SevenBitComp</link> (
)</para>
                    </listitem>
                </itemizedlist>
            </para>
            <para>
                <itemizedlist>
                    <listitem>
                        <para>void <link linkend="class_seven_bit_comp_1a281ae171d41a94ead9ef41e47f39c161">compress</link> (
std::vector&lt; uint8_t &gt; &amp; Vec, std::vector&lt; uint8_t &gt; &amp; compressedData)<para><emphasis>compress - kompresja danych z std::vector&lt; uint8_t &gt; Vec</emphasis></para>
</para>
                    </listitem>
                </itemizedlist>
            </para>
            <para>
                <itemizedlist>
                    <listitem>
                        <para>void <link linkend="class_seven_bit_comp_1acc3684fdfeffe60d1fe346d7975a545c">decompress</link> (
std::vector&lt; uint8_t &gt; &amp; Vec, std::vector&lt; uint8_t &gt; &amp; compressedData)<para><emphasis>decompress - dekompresja danych z std::vector&lt; uint8_t &gt; compressedData</emphasis></para>
</para>
                    </listitem>
                </itemizedlist>
            </para>
            <para>
                <itemizedlist>
                    <listitem>
                        <para> <link linkend="class_seven_bit_comp_1a88537f3efcfb1ded41fa646135be60b9">SevenBitComp</link> (
)</para>
                    </listitem>
                </itemizedlist>
            </para>
            <para>
                <itemizedlist>
                    <listitem>
                        <para>virtual <link linkend="class_seven_bit_comp_1a72f06ca96f6b735a9afddc4778777786">~SevenBitComp</link> (
)</para>
                    </listitem>
                </itemizedlist>
            </para>
            <para>
                <itemizedlist>
                    <listitem>
                        <para>void <link linkend="class_seven_bit_comp_1a3709d6c5760e370598bb24a608090325">compress</link> (
std::vector&lt; uint8_t &gt; &amp; Vec)</para>
                    </listitem>
                </itemizedlist>
            </para>
            <para>
                <itemizedlist>
                    <listitem>
                        <para>void <link linkend="class_seven_bit_comp_1a4c6eb1aa39afa3d12da46e7aa4c8c844">decompress</link> (
std::vector&lt; uint8_t &gt; &amp; Vec)</para>
                    </listitem>
                </itemizedlist>
            </para>
        </section>
    <simplesect>

<para>Kompresja/dekompresja stratna - z kazdego bajtu usuwany najmniej znaczacy bit. </para>
    </simplesect>
        <simplesect>
            <title>Opis szczegółowy</title>

<para>Klasa sluzy do kompresji stratnej danych z vectora i ich ponownej dekompresji; Operacje przeprowadzane sa na vektorach danych typu uint8_t</para>

<para>W wektorze skompresowanym zostaje na koncu umieszczona zserializowana do Little Endian 32-bitowa liczba unsigned zawieraja rozmiar danych PRZED serializacja w celu przeprowadzenia potrzebnych korekt podczas deserializacji. </para>
                <para>Definition at line 9 of file sevenbitcomp.h</para>
                <para>The Documentation for this struct was generated from the following file: </para>
                <para><itemizedlist><listitem><para>sevenbitcomp.h</para></listitem></itemizedlist></para>
        </simplesect>
        <section>
            <title>Dokumentacja atrybutów składowych</title>
        </section>
            <section xml:id="class_seven_bit_comp_1a88537f3efcfb1ded41fa646135be60b9">
                <title>SevenBitComp::SevenBitComp ()</title> <emphasis></emphasis>
                
            </section>
            <section xml:id="class_seven_bit_comp_1a61568c430e83443ecb2ef290e41d8f53">
                <title>SevenBitComp::~SevenBitComp ()</title> <emphasis></emphasis>
                
            </section>
            <section xml:id="class_seven_bit_comp_1a281ae171d41a94ead9ef41e47f39c161">
                <title>void SevenBitComp::compress (std::vector&lt; uint8_t &gt; &amp;Vec, std::vector&lt; uint8_t &gt; &amp;compressedData)</title> <emphasis>compress - kompresja danych z std::vector&lt; uint8_t &gt; Vec</emphasis>
                
<para>Obiekty Vec i compressedData sa przekazywane poprzez referencje Kompresja jest stratna - tracony jest najmniej znaczacy bit w kazdym bajcie danych wejsciowych Nastepnie bity sa laczone po 8 i pakowane do vektora compressedData</para>

<para>
                <formalpara>
                    <title/>
                    <table frame="all">
                        <title>Parametry                        </title>
                        <tgroup cols="2" align="left" colsep="1" rowsep="1">
                        <colspec colwidth="1*"/>
                        <colspec colwidth="4*"/>
                        <tbody>
                            <row>
                                <entry>Vec</entry>
                                <entry>
<para>– vektor danych wejsciowyh </para>
</entry>
                            </row>
                            <row>
                                <entry>compressedData</entry>
                                <entry>
<para>- vektor, w ktorym zostaja zapisane skompresowane dane </para>
</entry>
                            </row>
                        </tbody>
                        </tgroup>
                    </table>
                </formalpara>
                </para>

            </section>
            <section xml:id="class_seven_bit_comp_1acc3684fdfeffe60d1fe346d7975a545c">
                <title>void SevenBitComp::decompress (std::vector&lt; uint8_t &gt; &amp;Vec, std::vector&lt; uint8_t &gt; &amp;compressedData)</title> <emphasis>decompress - dekompresja danych z std::vector&lt; uint8_t &gt; compressedData</emphasis>
                
<para>Obiekty Vec i compressedData sa przekazywane poprzez referencje Z vektora danych skompresowanych pobierane sa porcje po 7 bitow Do pobranych danych dopisywane jest 0 jako najmniej znaczacy bit w bajcie (kompresja stratna) Wyniki sa przekazywane do cektora Vec</para>

<para>
                <formalpara>
                    <title/>
                    <table frame="all">
                        <title>Parametry                        </title>
                        <tgroup cols="2" align="left" colsep="1" rowsep="1">
                        <colspec colwidth="1*"/>
                        <colspec colwidth="4*"/>
                        <tbody>
                            <row>
                                <entry>compressedData</entry>
                                <entry>
<para>– vektor skompresowanych danych </para>
</entry>
                            </row>
                            <row>
                                <entry>Vec</entry>
                                <entry>
<para>- vektor, w ktorym zostaja zapisane zdekompresowane dane</para>
</entry>
                            </row>
                        </tbody>
                        </tgroup>
                    </table>
                </formalpara>
                <formalpara><title>Ostrzeżenie: </title>

<para>na wejscie nalezy podawac wektor utworzony za pomoca funkcji compress, inaczej funkcja moze sie wysypac </para>
</formalpara>
</para>

            </section>
            <section xml:id="class_seven_bit_comp_1a88537f3efcfb1ded41fa646135be60b9">
                <title>SevenBitComp::SevenBitComp ()</title> <emphasis></emphasis>
                
            </section>
            <section xml:id="class_seven_bit_comp_1a72f06ca96f6b735a9afddc4778777786">
                <title>virtual SevenBitComp::~SevenBitComp ()</title> <emphasis></emphasis>
                
            </section>
            <section xml:id="class_seven_bit_comp_1a3709d6c5760e370598bb24a608090325">
                <title>void SevenBitComp::compress (std::vector&lt; uint8_t &gt; &amp;Vec)</title> <emphasis></emphasis>
                
            </section>
            <section xml:id="class_seven_bit_comp_1a4c6eb1aa39afa3d12da46e7aa4c8c844">
                <title>void SevenBitComp::decompress (std::vector&lt; uint8_t &gt; &amp;Vec)</title> <emphasis></emphasis>
                
            </section>
</section>
