<?xml version='1.0' encoding='UTF-8' standalone='no'?>
<section xmlns="http://docbook.org/ns/docbook" version="5.0" xmlns:xlink="http://www.w3.org/1999/xlink" xml:id="class_s_f_m_l___objects">
<title>SFML_Objects class Reference</title>
<para>
    <programlisting>#include <link linkend="sfml__objects_8h">&lt;sfml_objects.h&gt;</link></programlisting>
</para>
<para>Inheritance diagram for SFML_Objects</para>
<para>
    <figure>
        <title>Inheritance graph</title>
        <mediaobject>
            <imageobject>
                <imagedata width="50%" align="center" valign="middle" scalefit="1" fileref="class_s_f_m_l___objects__inherit__graph.png"></imagedata>
            </imageobject>
        </mediaobject>
    </figure>
</para>
<para>Collaboration diagram for SFML_Objects</para>
<para>
    <figure>
        <title>Collaboration graph</title>
        <mediaobject>
            <imageobject>
                <imagedata width="50%" align="center" valign="middle" scalefit="1" fileref="class_s_f_m_l___objects__coll__graph.png"></imagedata>
            </imageobject>
        </mediaobject>
    </figure>
</para>
        <section>
            <title>Atrybuty publiczne</title>
            <para>
                <itemizedlist>
                    <listitem>
                        <para>sf::Texture * Texture</para>
                    </listitem>
                </itemizedlist>
            </para>
            <para>
                <itemizedlist>
                    <listitem>
                        <para>sf::Sprite * Sprite</para>
                    </listitem>
                </itemizedlist>
            </para>
            <para>
                <itemizedlist>
                    <listitem>
                        <para>sf::Image * Image</para>
                    </listitem>
                </itemizedlist>
            </para>
        </section>
        <section>
            <title></title>
            <para>
                <itemizedlist>
                    <listitem>
                        <para> <link linkend="class_s_f_m_l___objects_1a2bf241c32cd6265b9c5d8c9b6307406e">SFML_Objects</link> (
)<para><emphasis>Konstruktor domyslny.</emphasis></para>
</para>
                    </listitem>
                </itemizedlist>
            </para>
            <para>
                <itemizedlist>
                    <listitem>
                        <para> <link linkend="class_s_f_m_l___objects_1a22b6d62374cd3164f1fb4bc997b47a66">~SFML_Objects</link> (
)<para><emphasis>Destruktor domyslny.</emphasis></para>
</para>
                    </listitem>
                </itemizedlist>
            </para>
        </section>
    <simplesect>

<para>Klasa stanowiaca ogolny kontener dla obiektow SFML. </para>
    </simplesect>
        <simplesect>
            <title>Opis szczegółowy</title>

<para>Klasa odpowiedzialna za przechowywanie wybranych obiektow SFML Zaklada sie, ze na potrzeby wyswietlania obrazu na pojedynczym oknie wystarczy 1 instancja obiektu, ktora bedzie miala zmieniana zawartosc obiektu Texture oraz Sprite. Obiekt Image zostaje dolaczony jako element dodatkowy, do ktorego mozliwe byloby zaladowanie obrazu w celu manipulacji poszczegolnymi pikselami. Obiekty *Texture, *Sprite, *Image sa w zalozeniu dynamicznie alokowanymi obiektami. Celem ma byc rekonstrukcja konstruktora z zalozeniem wykorzystania placement new i pracy z pojedynczym obiektem w wielu watkach. </para>
                <para>Definition at line 7 of file sfml_objects.h</para>
                <para>The Documentation for this struct was generated from the following file: </para>
                <para><itemizedlist><listitem><para>sfml_objects.h</para></listitem></itemizedlist></para>
        </simplesect>
        <section>
            <title>Dokumentacja atrybutów składowych</title>
            <simplesect>
                <title>sf::Texture* SFML_Objects::Texture</title>                
<para>dynamicznie alokowany obiekt sf::Texture </para>

                <para>Definition at line 37 of file sfml_objects.h</para>
                <para>The Documentation for this struct was generated from the following file: </para>
                <para><itemizedlist><listitem><para>sfml_objects.h</para></listitem></itemizedlist></para>
            </simplesect>
            <simplesect>
                <title>sf::Sprite* SFML_Objects::Sprite</title>                
<para>dynamicznie alokowany obiekt sf::Sprite </para>

                <para>Definition at line 38 of file sfml_objects.h</para>
                <para>The Documentation for this struct was generated from the following file: </para>
                <para><itemizedlist><listitem><para>sfml_objects.h</para></listitem></itemizedlist></para>
            </simplesect>
            <simplesect>
                <title>sf::Image* SFML_Objects::Image</title>                
<para>dynamicznie alokowany obiekt sf::Image </para>

                <para>Definition at line 39 of file sfml_objects.h</para>
                <para>The Documentation for this struct was generated from the following file: </para>
                <para><itemizedlist><listitem><para>sfml_objects.h</para></listitem></itemizedlist></para>
            </simplesect>
        </section>
            <section xml:id="class_s_f_m_l___objects_1a2bf241c32cd6265b9c5d8c9b6307406e">
                <title>SFML_Objects::SFML_Objects ()</title> <emphasis>Konstruktor domyslny.</emphasis>
                
<para>Tworzy wymienione obiekty </para>

            </section>
            <section xml:id="class_s_f_m_l___objects_1a22b6d62374cd3164f1fb4bc997b47a66">
                <title>SFML_Objects::~SFML_Objects ()</title> <emphasis>Destruktor domyslny.</emphasis>
                
<para>Niszczy wymienione obiekty </para>

            </section>
</section>
