<?xml version='1.0' encoding='UTF-8' standalone='no'?>
<section xmlns="http://docbook.org/ns/docbook" version="5.0" xmlns:xlink="http://www.w3.org/1999/xlink" xml:id="class_scale">
<title>Scale class Reference</title>
<para>
    <programlisting>#include <link linkend="scale_8h">&lt;scale.h&gt;</link></programlisting>
</para>
<para>Inheritance diagram for Scale</para>
<para>
    <figure>
        <title>Inheritance graph</title>
        <mediaobject>
            <imageobject>
                <imagedata width="50%" align="center" valign="middle" scalefit="1" fileref="class_scale__inherit__graph.png"></imagedata>
            </imageobject>
        </mediaobject>
    </figure>
</para>
<para>Collaboration diagram for Scale</para>
<para>
    <figure>
        <title>Collaboration graph</title>
        <mediaobject>
            <imageobject>
                <imagedata width="50%" align="center" valign="middle" scalefit="1" fileref="class_scale__coll__graph.png"></imagedata>
            </imageobject>
        </mediaobject>
    </figure>
</para>
        <section>
            <title></title>
            <para>
                <itemizedlist>
                    <listitem>
                            <para><literallayout>enum <link linkend="class_scale_1a53f5b0bcb725666bd9642dafbd499d88">mode</link> {
<link linkend="class_scale_1a53f5b0bcb725666bd9642dafbd499d88a17d573f46491f4e1aa0fc8dfa8a7e9f0">keep_ratio</link>,
<link linkend="class_scale_1a53f5b0bcb725666bd9642dafbd499d88a03de4feabec30f277fe04c35c9dcf96c">fit_to_screen</link>,
<link linkend="class_scale_1a53f5b0bcb725666bd9642dafbd499d88a4e1c06fec7ed2b2e0616b5301057e861">stretch_and_keep_ratio</link>,
<link linkend="class_scale_1a53f5b0bcb725666bd9642dafbd499d88ac98eff4ab79a09d8626607b883660f2a">stretch_to_fit</link>
}</literallayout>
</para>
                    </listitem>
                </itemizedlist>
            </para>
        </section>
        <section>
            <title>Atrybuty prywatne</title>
            <para>
                <itemizedlist>
                    <listitem>
                        <para>float XScale</para>
                    </listitem>
                </itemizedlist>
            </para>
            <para>
                <itemizedlist>
                    <listitem>
                        <para>float YScale</para>
                    </listitem>
                </itemizedlist>
            </para>
            <para>
                <itemizedlist>
                    <listitem>
                        <para>unsigned int img_x</para>
                    </listitem>
                </itemizedlist>
            </para>
            <para>
                <itemizedlist>
                    <listitem>
                        <para>unsigned int img_y</para>
                    </listitem>
                </itemizedlist>
            </para>
            <para>
                <itemizedlist>
                    <listitem>
                        <para>unsigned int win_x</para>
                    </listitem>
                </itemizedlist>
            </para>
            <para>
                <itemizedlist>
                    <listitem>
                        <para>unsigned int win_y</para>
                    </listitem>
                </itemizedlist>
            </para>
            <para>
                <itemizedlist>
                    <listitem>
                        <para>mode flag_t</para>
                    </listitem>
                </itemizedlist>
            </para>
            <para>
                <itemizedlist>
                    <listitem>
                        <para>unsigned int pos_x</para>
                    </listitem>
                </itemizedlist>
            </para>
            <para>
                <itemizedlist>
                    <listitem>
                        <para>unsigned int pos_y</para>
                    </listitem>
                </itemizedlist>
            </para>
        </section>
        <section>
            <title></title>
            <para>
                <itemizedlist>
                    <listitem>
                        <para> <link linkend="class_scale_1a3cbac3c69ff5a4593dc95168e1656b8d">Scale</link> (
)<para><emphasis>Konstruktor domyslny.</emphasis></para>
</para>
                    </listitem>
                </itemizedlist>
            </para>
            <para>
                <itemizedlist>
                    <listitem>
                        <para> <link linkend="class_scale_1a58b947ec64cd04e67180ea15766b6855">Scale</link> (
unsigned int frame_x, unsigned int frame_y)<para><emphasis>Konstruktor.</emphasis></para>
</para>
                    </listitem>
                </itemizedlist>
            </para>
            <para>
                <itemizedlist>
                    <listitem>
                        <para> <link linkend="class_scale_1a9f13d7998aac5e015155c12d0d109010">~Scale</link> (
)<para><emphasis>Destruktor.</emphasis></para>
</para>
                    </listitem>
                </itemizedlist>
            </para>
            <para>
                <itemizedlist>
                    <listitem>
                        <para>void <link linkend="class_scale_1add8bb17d093c13488d20b8fd489f1af9">adjust</link> (
unsigned int x, unsigned int y, bool center, <link linkend="class_scale_1a53f5b0bcb725666bd9642dafbd499d88">mode</link> arg)<para><emphasis>adjust - obliczenie skal w osia OX i OY</emphasis></para>
</para>
                    </listitem>
                </itemizedlist>
            </para>
            <para>
                <itemizedlist>
                    <listitem>
                        <para>void <link linkend="class_scale_1a21af255970d236ac7a7bb0b82e2f5cac">adjust</link> (
bool center)<para><emphasis>adjust - przeladowanie funkcji</emphasis></para>
</para>
                    </listitem>
                </itemizedlist>
            </para>
            <para>
                <itemizedlist>
                    <listitem>
                        <para>float <link linkend="class_scale_1aa2232ec814fd7de43a98ceba65968445">getXScale</link> (
)<para><emphasis>getXScale - getter skali X</emphasis></para>
</para>
                    </listitem>
                </itemizedlist>
            </para>
            <para>
                <itemizedlist>
                    <listitem>
                        <para>float <link linkend="class_scale_1a26b17bb7232cf0399529cc2f18b6d877">getYScale</link> (
)<para><emphasis>getYScale - getter skali Y</emphasis></para>
</para>
                    </listitem>
                </itemizedlist>
            </para>
            <para>
                <itemizedlist>
                    <listitem>
                        <para>void <link linkend="class_scale_1a912b1bde965d8a28a12098b1677e5251">setX</link> (
unsigned int x)<para><emphasis>setX - setter dla wysokosci obrazu</emphasis></para>
</para>
                    </listitem>
                </itemizedlist>
            </para>
            <para>
                <itemizedlist>
                    <listitem>
                        <para>void <link linkend="class_scale_1aed66fdf5dfdeb44706bb33370cb0ca70">setMode</link> (
<link linkend="class_scale_1a53f5b0bcb725666bd9642dafbd499d88">mode</link> arg)<para><emphasis>setMode - setter dla trybu skalowania</emphasis></para>
</para>
                    </listitem>
                </itemizedlist>
            </para>
            <para>
                <itemizedlist>
                    <listitem>
                        <para>void <link linkend="class_scale_1adc583727d1503ff1350245fdf6ff5d9b">setY</link> (
unsigned int y)<para><emphasis>setY - setter dla szerokosci obrazu</emphasis></para>
</para>
                    </listitem>
                </itemizedlist>
            </para>
            <para>
                <itemizedlist>
                    <listitem>
                        <para>void <link linkend="class_scale_1aa4eb8e673ddf19c8744d26653fbc5e8e">setframeX</link> (
unsigned int x)<para><emphasis>setX - setter dla wysokosci okna</emphasis></para>
</para>
                    </listitem>
                </itemizedlist>
            </para>
            <para>
                <itemizedlist>
                    <listitem>
                        <para>void <link linkend="class_scale_1aab1ee23f1184fb0d26b16d1a5e7f74a8">setframeY</link> (
unsigned int y)<para><emphasis>setY - setter dla szerokosci okna</emphasis></para>
</para>
                    </listitem>
                </itemizedlist>
            </para>
            <para>
                <itemizedlist>
                    <listitem>
                        <para>unsigned int <link linkend="class_scale_1aedf26dcafb7ce3db93b8d47d335f32f5">getPosX</link> (
)<para><emphasis>getPosX - getter pozycji X</emphasis></para>
</para>
                    </listitem>
                </itemizedlist>
            </para>
            <para>
                <itemizedlist>
                    <listitem>
                        <para>unsigned int <link linkend="class_scale_1a8bb8dc0c784db1d9aae14231ca78b4ea">getPosY</link> (
)<para><emphasis>getPosY - getter pozycji Y</emphasis></para>
</para>
                    </listitem>
                </itemizedlist>
            </para>
        </section>
        <section>
            <title></title>
            <para>
                <itemizedlist>
                    <listitem>
                        <para>void <link linkend="class_scale_1aa11bd537b9084a8494167d04b06b84ea">setPosition</link> (
bool center)<para><emphasis>setY - centrowanie obrazu na srodku ekranu</emphasis></para>
</para>
                    </listitem>
                </itemizedlist>
            </para>
            <para>
                <itemizedlist>
                    <listitem>
                        <para>void <link linkend="class_scale_1ac9f225ada475d632aa0c6244d01a28ba">calculate</link> (
<link linkend="class_scale_1a53f5b0bcb725666bd9642dafbd499d88">mode</link> arg)<para><emphasis>calculate - obliczenie skali</emphasis></para>
</para>
                    </listitem>
                </itemizedlist>
            </para>
        </section>
    <simplesect>

<para>Klasa obliczajaca skale i pozycje obrazu. </para>
    </simplesect>
        <simplesect>
            <title>Opis szczegółowy</title>

<para>Klasa odpowiedzialna za obliczanie i przechowywanie skali obrazu oraz pozycji na wystwietlanym oknie 
                <formalpara>
                    <title/>
                    <table frame="all">
                        <title>Parametry                        </title>
                        <tgroup cols="2" align="left" colsep="1" rowsep="1">
                        <colspec colwidth="1*"/>
                        <colspec colwidth="4*"/>
                        <tbody>
                            <row>
                                <entry>frame_x</entry>
                                <entry>
<para>– szerokosc okna [pix] </para>
</entry>
                            </row>
                            <row>
                                <entry>frame_y</entry>
                                <entry>
<para>– wysokosc okna [pix] </para>
</entry>
                            </row>
                            <row>
                                <entry>x</entry>
                                <entry>
<para>– szerokosc wyswietlanego obiektu [pix] </para>
</entry>
                            </row>
                            <row>
                                <entry>y</entry>
                                <entry>
<para>– wysokosc wyswietlanego obiektu [pix] </para>
</entry>
                            </row>
                        </tbody>
                        </tgroup>
                    </table>
                </formalpara>
                </para>
                <para>Definition at line 16 of file scale.h</para>
                <para>The Documentation for this struct was generated from the following file: </para>
                <para><itemizedlist><listitem><para>scale.h</para></listitem></itemizedlist></para>
        </simplesect>
            <section xml:id="class_scale_1a53f5b0bcb725666bd9642dafbd499d88">
               <title>enum mode </title>
               
<para>Enum mode - wyliczenia w odpowiednim trybie </para>

               <formalpara>
                    <title>Wartości wyliczeń:</title>
                    <variablelist>
                        <varlistentry xml:id="class_scale_1a53f5b0bcb725666bd9642dafbd499d88a17d573f46491f4e1aa0fc8dfa8a7e9f0">
                            <term>keep_ratio</term>
                            <listitem>
                                <para></para>
                            </listitem>
                        </varlistentry>
                        <varlistentry xml:id="class_scale_1a53f5b0bcb725666bd9642dafbd499d88a03de4feabec30f277fe04c35c9dcf96c">
                            <term>fit_to_screen</term>
                            <listitem>
                                <para></para>
                            </listitem>
                        </varlistentry>
                        <varlistentry xml:id="class_scale_1a53f5b0bcb725666bd9642dafbd499d88a4e1c06fec7ed2b2e0616b5301057e861">
                            <term>stretch_and_keep_ratio</term>
                            <listitem>
                                <para></para>
                            </listitem>
                        </varlistentry>
                        <varlistentry xml:id="class_scale_1a53f5b0bcb725666bd9642dafbd499d88ac98eff4ab79a09d8626607b883660f2a">
                            <term>stretch_to_fit</term>
                            <listitem>
                                <para></para>
                            </listitem>
                        </varlistentry>
                     </variablelist>
                </formalpara>
                <para>Definition at line 50 of file scale.h
                    <computeroutput><literallayout>
{
keep_ratio, 
fit_to_screen, 
stretch_and_keep_ratio, 
stretch_to_fit, 
}mode;
                    </literallayout></computeroutput>
                </para>
            </section>
        <section>
            <title>Dokumentacja atrybutów składowych</title>
            <simplesect>
                <title>float Scale::XScale</title>                
<para>zbior prywatnych zmiennych skala OX </para>

                <para>Definition at line 138 of file scale.h</para>
                <para>The Documentation for this struct was generated from the following file: </para>
                <para><itemizedlist><listitem><para>scale.h</para></listitem></itemizedlist></para>
            </simplesect>
            <simplesect>
                <title>float Scale::YScale</title>                
<para>skala OY </para>

                <para>Definition at line 139 of file scale.h</para>
                <para>The Documentation for this struct was generated from the following file: </para>
                <para><itemizedlist><listitem><para>scale.h</para></listitem></itemizedlist></para>
            </simplesect>
            <simplesect>
                <title>unsigned int Scale::img_x</title>                
<para>szerokosc obrazu </para>

                <para>Definition at line 140 of file scale.h</para>
                <para>The Documentation for this struct was generated from the following file: </para>
                <para><itemizedlist><listitem><para>scale.h</para></listitem></itemizedlist></para>
            </simplesect>
            <simplesect>
                <title>unsigned int Scale::img_y</title>                
<para>wysokosc obrazu </para>

                <para>Definition at line 141 of file scale.h</para>
                <para>The Documentation for this struct was generated from the following file: </para>
                <para><itemizedlist><listitem><para>scale.h</para></listitem></itemizedlist></para>
            </simplesect>
            <simplesect>
                <title>unsigned int Scale::win_x</title>                
<para>szerokosc okna </para>

                <para>Definition at line 142 of file scale.h</para>
                <para>The Documentation for this struct was generated from the following file: </para>
                <para><itemizedlist><listitem><para>scale.h</para></listitem></itemizedlist></para>
            </simplesect>
            <simplesect>
                <title>unsigned int Scale::win_y</title>                
<para>wysokosc okna </para>

                <para>Definition at line 143 of file scale.h</para>
                <para>The Documentation for this struct was generated from the following file: </para>
                <para><itemizedlist><listitem><para>scale.h</para></listitem></itemizedlist></para>
            </simplesect>
            <simplesect>
                <title>mode Scale::flag_t</title>                
<para>tryb dopasowania </para>

                <para>Definition at line 145 of file scale.h</para>
                <para>The Documentation for this struct was generated from the following file: </para>
                <para><itemizedlist><listitem><para>scale.h</para></listitem></itemizedlist></para>
            </simplesect>
            <simplesect>
                <title>unsigned int Scale::pos_x</title>                
<para>pozycja gornego lewego rogu OX </para>

                <para>Definition at line 155 of file scale.h</para>
                <para>The Documentation for this struct was generated from the following file: </para>
                <para><itemizedlist><listitem><para>scale.h</para></listitem></itemizedlist></para>
            </simplesect>
            <simplesect>
                <title>unsigned int Scale::pos_y</title>                
<para>pozycja gornego lewego rogu OY </para>

                <para>Definition at line 156 of file scale.h</para>
                <para>The Documentation for this struct was generated from the following file: </para>
                <para><itemizedlist><listitem><para>scale.h</para></listitem></itemizedlist></para>
            </simplesect>
        </section>
            <section xml:id="class_scale_1a3cbac3c69ff5a4593dc95168e1656b8d">
                <title>Scale::Scale ()</title> <emphasis>Konstruktor domyslny.</emphasis>
                
<para>Domyslny konstruktor, w ktorym wartosci okna nie zostaly przyisane </para>

            </section>
            <section xml:id="class_scale_1a58b947ec64cd04e67180ea15766b6855">
                <title>Scale::Scale (unsigned int frame_x, unsigned int frame_y)</title> <emphasis>Konstruktor.</emphasis>
                
<para>Jako argumenty przyjmuje 2 zmienny typu unsigned int okreslajace rozmiary okna wyswietlajacego //! 
                <formalpara>
                    <title/>
                    <table frame="all">
                        <title>Parametry                        </title>
                        <tgroup cols="2" align="left" colsep="1" rowsep="1">
                        <colspec colwidth="1*"/>
                        <colspec colwidth="4*"/>
                        <tbody>
                            <row>
                                <entry>frame_x</entry>
                                <entry>
<para>– szerokosc okna [pix] //! </para>
</entry>
                            </row>
                            <row>
                                <entry>frame_y</entry>
                                <entry>
<para>– wysokosc okna [pix] Domyslny konstruktor, w ktorym wartosci okna nie zostaly przypisane </para>
</entry>
                            </row>
                        </tbody>
                        </tgroup>
                    </table>
                </formalpara>
                </para>

            </section>
            <section xml:id="class_scale_1a9f13d7998aac5e015155c12d0d109010">
                <title>Scale::~Scale ()</title> <emphasis>Destruktor.</emphasis>
                
<para>Niszczenie obiektu <link linkend="class_scale">Scale</link>. </para>

            </section>
            <section xml:id="class_scale_1add8bb17d093c13488d20b8fd489f1af9">
                <title>void Scale::adjust (unsigned int x, unsigned int y, bool center=true, mode arg=keep_ratio)</title> <emphasis>adjust - obliczenie skal w osia OX i OY</emphasis>
                
<para>Jako argumenty przyjmuje 2 zmienny typu unsigned int okreslajace rozmiary okna wyswietlajacego 
                <formalpara>
                    <title/>
                    <table frame="all">
                        <title>Parametry                        </title>
                        <tgroup cols="2" align="left" colsep="1" rowsep="1">
                        <colspec colwidth="1*"/>
                        <colspec colwidth="4*"/>
                        <tbody>
                            <row>
                                <entry>x</entry>
                                <entry>
<para>– szerokosc wyswietlanego obiektu [pix] </para>
</entry>
                            </row>
                            <row>
                                <entry>y</entry>
                                <entry>
<para>– wysokosc wyswietlanego obiektu [pix] </para>
</entry>
                            </row>
                            <row>
                                <entry>center</entry>
                                <entry>
<para>– centrowanie obrazu w oknie </para>
</entry>
                            </row>
                            <row>
                                <entry>arg</entry>
                                <entry>
<para>- tryb skalowania </para>
</entry>
                            </row>
                        </tbody>
                        </tgroup>
                    </table>
                </formalpara>
                </para>

            </section>
            <section xml:id="class_scale_1a21af255970d236ac7a7bb0b82e2f5cac">
                <title>void Scale::adjust (bool center=true)</title> <emphasis>adjust - przeladowanie funkcji</emphasis>
                
<para>
                <formalpara>
                    <title/>
                    <table frame="all">
                        <title>Parametry                        </title>
                        <tgroup cols="2" align="left" colsep="1" rowsep="1">
                        <colspec colwidth="1*"/>
                        <colspec colwidth="4*"/>
                        <tbody>
                            <row>
                                <entry>center</entry>
                                <entry>
<para>– centrowanie obrazu w oknie</para>
</entry>
                            </row>
                        </tbody>
                        </tgroup>
                    </table>
                </formalpara>
                Funkcja nie przyjmuje parametrow za wyjatkiem center, Jej zastosowanie ma sens w przypadku skorzystania z publicznych metod setX,setY. Skaluje z zachowaniem proporcji. </para>

            </section>
            <section xml:id="class_scale_1aa2232ec814fd7de43a98ceba65968445">
                <title>float Scale::getXScale ()</title> <emphasis>getXScale - getter skali X</emphasis>
                
<para>Zwracana wartosc to float z zakresu 0-1 </para>

            </section>
            <section xml:id="class_scale_1a26b17bb7232cf0399529cc2f18b6d877">
                <title>float Scale::getYScale ()</title> <emphasis>getYScale - getter skali Y</emphasis>
                
<para>Zwracana wartosc to float z zakresu 0-1 </para>

            </section>
            <section xml:id="class_scale_1a912b1bde965d8a28a12098b1677e5251">
                <title>void Scale::setX (unsigned int x)</title> <emphasis>setX - setter dla wysokosci obrazu</emphasis>
                
<para>Wymaga wykonania funkcji adjust,w celu aktualizacji wartosci skali </para>

            </section>
            <section xml:id="class_scale_1aed66fdf5dfdeb44706bb33370cb0ca70">
                <title>void Scale::setMode (mode arg)</title> <emphasis>setMode - setter dla trybu skalowania</emphasis>
                
<para>Wymaga wykonania funkcji adjust,w celu aktualizacji wartosci skali </para>

            </section>
            <section xml:id="class_scale_1adc583727d1503ff1350245fdf6ff5d9b">
                <title>void Scale::setY (unsigned int y)</title> <emphasis>setY - setter dla szerokosci obrazu</emphasis>
                
<para>Wymaga wykonania funkcji adjust,w celu aktualizacji wartosci skali </para>

            </section>
            <section xml:id="class_scale_1aa4eb8e673ddf19c8744d26653fbc5e8e">
                <title>void Scale::setframeX (unsigned int x)</title> <emphasis>setX - setter dla wysokosci okna</emphasis>
                
<para>Wymaga wykonania funkcji adjust,w celu aktualizacji wartosci skali </para>

            </section>
            <section xml:id="class_scale_1aab1ee23f1184fb0d26b16d1a5e7f74a8">
                <title>void Scale::setframeY (unsigned int y)</title> <emphasis>setY - setter dla szerokosci okna</emphasis>
                
<para>Wymaga wykonania funkcji adjust,w celu aktualizacji wartosci skali </para>

            </section>
            <section xml:id="class_scale_1aedf26dcafb7ce3db93b8d47d335f32f5">
                <title>unsigned int Scale::getPosX ()</title> <emphasis>getPosX - getter pozycji X</emphasis>
                
<para>Zwracana wartosc dla gornego lewego rogu. Zwraca 0 w przypadku braku wykonania <link linkend="class_scale_1aa11bd537b9084a8494167d04b06b84ea">setPosition()</link> </para>

            </section>
            <section xml:id="class_scale_1a8bb8dc0c784db1d9aae14231ca78b4ea">
                <title>unsigned int Scale::getPosY ()</title> <emphasis>getPosY - getter pozycji Y</emphasis>
                
<para>Zwracana wartosc dla gornego lewego rogu Zwraca 0 w przypadku braku wykonania <link linkend="class_scale_1aa11bd537b9084a8494167d04b06b84ea">setPosition()</link> </para>

            </section>
            <section xml:id="class_scale_1aa11bd537b9084a8494167d04b06b84ea">
                <title>void Scale::setPosition (bool center)</title> <emphasis>setY - centrowanie obrazu na srodku ekranu</emphasis>
                
<para>wykonynwana automatycznie w trakcie <link linkend="class_scale_1add8bb17d093c13488d20b8fd489f1af9">adjust()</link>. Jezeli true to: Ustawia wartosc pos_x i pos_y (gorny lewy rog) tak aby obraz byl wycentrowany W innym przypadku pos_x i pos_y zostaja wyzerowane </para>

            </section>
            <section xml:id="class_scale_1ac9f225ada475d632aa0c6244d01a28ba">
                <title>void Scale::calculate (mode arg)</title> <emphasis>calculate - obliczenie skali</emphasis>
                
<para>metoda prywatna majaca na celu wyliczenie skali na podstawie dostarczonych danych. Wywolywanie w przed zdobyciem danych na temat obrazu,ekranu i typu skalowania moze doprowadzic do niepozadanego zachowania </para>

            </section>
</section>
