<?xml version='1.0' encoding='UTF-8' standalone='no'?>
<section xmlns="http://docbook.org/ns/docbook" version="5.0" xmlns:xlink="http://www.w3.org/1999/xlink" xml:id="dir_3e0d2c868be6a3e5150a628fd2a00a9b">
    <title>Dokumentacja katalogu test4</title>
<para>Directory dependency diagram for test4</para>
<para>
    <figure>
        <title>Directory Dependency diagram</title>
        <mediaobject>
            <imageobject>
                <imagedata width="50%" align="center" valign="middle" scalefit="1" fileref="dir_3e0d2c868be6a3e5150a628fd2a00a9b_dep.png"></imagedata>
            </imageobject>
        </mediaobject>
    </figure>
</para>
        <simplesect>
            <title> Plik </title>
            <para>
                <itemizedlist>
                    <listitem>
                        <para>file <link linkend="aajw__header_8cpp">aajw_header.cpp</link></para>
                    </listitem>
                </itemizedlist>
            </para>
            <para>
                <itemizedlist>
                    <listitem>
                        <para>file <link linkend="aajw__header_8h">aajw_header.h</link></para>
                    </listitem>
                </itemizedlist>
            </para>
            <para>
                <itemizedlist>
                    <listitem>
                        <para>file <link linkend="byterun__c_8cpp">byterun_c.cpp</link></para>
                    </listitem>
                </itemizedlist>
            </para>
            <para>
                <itemizedlist>
                    <listitem>
                        <para>file <link linkend="byterun__c_8h">byterun_c.h</link></para>
                    </listitem>
                </itemizedlist>
            </para>
            <para>
                <itemizedlist>
                    <listitem>
                        <para>file <link linkend="imgbaseinfo_8cpp">imgbaseinfo.cpp</link></para>
                    </listitem>
                </itemizedlist>
            </para>
            <para>
                <itemizedlist>
                    <listitem>
                        <para>file <link linkend="imgbaseinfo_8h">imgbaseinfo.h</link></para>
                    </listitem>
                </itemizedlist>
            </para>
            <para>
                <itemizedlist>
                    <listitem>
                        <para>file <link linkend="main_8cpp">main.cpp</link></para>
                    </listitem>
                </itemizedlist>
            </para>
            <para>
                <itemizedlist>
                    <listitem>
                        <para>file <link linkend="mainwindow_8cpp">mainwindow.cpp</link></para>
                    </listitem>
                </itemizedlist>
            </para>
            <para>
                <itemizedlist>
                    <listitem>
                        <para>file <link linkend="mainwindow_8h">mainwindow.h</link></para>
                    </listitem>
                </itemizedlist>
            </para>
            <para>
                <itemizedlist>
                    <listitem>
                        <para>file <link linkend="_r_l_e__c_8cpp">RLE_c.cpp</link></para>
                    </listitem>
                </itemizedlist>
            </para>
            <para>
                <itemizedlist>
                    <listitem>
                        <para>file <link linkend="rle__c_8h">rle_c.h</link></para>
                    </listitem>
                </itemizedlist>
            </para>
            <para>
                <itemizedlist>
                    <listitem>
                        <para>file <link linkend="scale_8cpp">scale.cpp</link></para>
                    </listitem>
                </itemizedlist>
            </para>
            <para>
                <itemizedlist>
                    <listitem>
                        <para>file <link linkend="scale_8h">scale.h</link></para>
                    </listitem>
                </itemizedlist>
            </para>
            <para>
                <itemizedlist>
                    <listitem>
                        <para>file <link linkend="serialize_8cpp">serialize.cpp</link></para>
                    </listitem>
                </itemizedlist>
            </para>
            <para>
                <itemizedlist>
                    <listitem>
                        <para>file <link linkend="serialize_8h">serialize.h</link></para>
                    </listitem>
                </itemizedlist>
            </para>
            <para>
                <itemizedlist>
                    <listitem>
                        <para>file <link linkend="sevenbitcomp_8cpp">sevenbitcomp.cpp</link></para>
                    </listitem>
                </itemizedlist>
            </para>
            <para>
                <itemizedlist>
                    <listitem>
                        <para>file <link linkend="sevenbitcomp_8h">sevenbitcomp.h</link></para>
                    </listitem>
                </itemizedlist>
            </para>
            <para>
                <itemizedlist>
                    <listitem>
                        <para>file <link linkend="_seven_bit_comp__old_8cpp">SevenBitComp_old.cpp</link></para>
                    </listitem>
                </itemizedlist>
            </para>
            <para>
                <itemizedlist>
                    <listitem>
                        <para>file <link linkend="_seven_bit_comp__old_8h">SevenBitComp_old.h</link></para>
                    </listitem>
                </itemizedlist>
            </para>
            <para>
                <itemizedlist>
                    <listitem>
                        <para>file <link linkend="sfml__objects_8cpp">sfml_objects.cpp</link></para>
                    </listitem>
                </itemizedlist>
            </para>
            <para>
                <itemizedlist>
                    <listitem>
                        <para>file <link linkend="sfml__objects_8h">sfml_objects.h</link></para>
                    </listitem>
                </itemizedlist>
            </para>
            <para>
                <itemizedlist>
                    <listitem>
                        <para>file <link linkend="vec__bmp_8cpp">vec_bmp.cpp</link></para>
                    </listitem>
                </itemizedlist>
            </para>
            <para>
                <itemizedlist>
                    <listitem>
                        <para>file <link linkend="vec__bmp_8h">vec_bmp.h</link></para>
                    </listitem>
                </itemizedlist>
            </para>
            <para>
                <itemizedlist>
                    <listitem>
                        <para>file <link linkend="vec__extr_8cpp">vec_extr.cpp</link></para>
                    </listitem>
                </itemizedlist>
            </para>
            <para>
                <itemizedlist>
                    <listitem>
                        <para>file <link linkend="vec__extr_8h">vec_extr.h</link></para>
                    </listitem>
                </itemizedlist>
            </para>
        </simplesect>
    <simplesect>
        <title>Opis szczegółowy</title>
    <para>Directory location is C:/Users/Blazejek/Desktop/QT/test4/</para>
    </simplesect>
</section>
