<?xml version='1.0' encoding='UTF-8' standalone='no'?>
<section xmlns="http://docbook.org/ns/docbook" version="5.0" xmlns:xlink="http://www.w3.org/1999/xlink" xml:id="imgbaseinfo_8h">
    <title>imgbaseinfo.h File Reference</title>
    <programlisting>#include &lt;aajw_header.h&gt;</programlisting>
<para>Include dependency diagram for imgbaseinfo.h</para>
<para>
    <figure>
        <title>Dependency diagram</title>
        <mediaobject>
            <imageobject>
                <imagedata width="50%" align="center" valign="middle" scalefit="1" fileref="imgbaseinfo_8h__incl.png"></imagedata>
            </imageobject>
        </mediaobject>
    </figure>
</para>
<para>Included by dependency diagram for imgbaseinfo.h</para>
<para>
    <figure>
        <title>Dependency diagram</title>
        <mediaobject>
            <imageobject>
                <imagedata width="50%" align="center" valign="middle" scalefit="1" fileref="imgbaseinfo_8h__dep__incl.png"></imagedata>
            </imageobject>
        </mediaobject>
    </figure>
</para>
        <section>
            <title> Klasy </title>
            <para>
                <itemizedlist>
                    <listitem>
                        <para>struct <link linkend="class_img_base_info">ImgBaseInfo</link></para>
<para><emphasis>Przechowywanie informacji o przetwrzonym obrazie przez Vec_Extr.</emphasis></para>
                    </listitem>
                </itemizedlist>
            </para>
            <para>
                <itemizedlist>
                    <listitem>
                        <para>struct <link linkend="struct_img_base_info_1_1unsigned__pair">ImgBaseInfo::unsigned_pair</link></para>
                    </listitem>
                </itemizedlist>
            </para>
        </section>
    <simplesect>
        <title>Opis szczegółowy</title>
    <para>Definition in file C:/Users/Blazejek/Desktop/QT/test4/imgbaseinfo.h</para>
    </simplesect>
</section>
