<?xml version='1.0' encoding='UTF-8' standalone='no'?>
<book xmlns="http://docbook.org/ns/docbook" version="5.0" xmlns:xlink="http://www.w3.org/1999/xlink">
    <info>
    <title>GKiM</title>
    </info>
    <chapter>
        <title>Namespace Documentation</title>
        <xi:include href="namespacestd.xml" xmlns:xi="http://www.w3.org/2001/XInclude"/>
        <xi:include href="namespace_ui.xml" xmlns:xi="http://www.w3.org/2001/XInclude"/>
    </chapter>
        <xi:include href="mainpage.xml" xmlns:xi="http://www.w3.org/2001/XInclude"/>
    <chapter>
        <title>Dokumentacja klas</title>
        <xi:include href="struct_a_hdr_1_1_a_a_j_w_h_e_a_d_e_r.xml" xmlns:xi="http://www.w3.org/2001/XInclude"/>
        <xi:include href="class_a_hdr.xml" xmlns:xi="http://www.w3.org/2001/XInclude"/>
        <xi:include href="struct_vec___b_m_p_1_1_b_i_t_m_a_p_f_i_l_e_h_e_a_d_e_r.xml" xmlns:xi="http://www.w3.org/2001/XInclude"/>
        <xi:include href="struct_vec___b_m_p_1_1_b_i_t_m_a_p_i_n_f_o_h_e_a_d_e_r.xml" xmlns:xi="http://www.w3.org/2001/XInclude"/>
        <xi:include href="class_byte_run__c.xml" xmlns:xi="http://www.w3.org/2001/XInclude"/>
        <xi:include href="class_img_base_info.xml" xmlns:xi="http://www.w3.org/2001/XInclude"/>
        <xi:include href="class_main_window.xml" xmlns:xi="http://www.w3.org/2001/XInclude"/>
        <xi:include href="class_q_main_window.xml" xmlns:xi="http://www.w3.org/2001/XInclude"/>
        <xi:include href="struct_vec___b_m_p_1_1_r_g_b_q_u_a_d.xml" xmlns:xi="http://www.w3.org/2001/XInclude"/>
        <xi:include href="class_r_l_e__c.xml" xmlns:xi="http://www.w3.org/2001/XInclude"/>
        <xi:include href="class_scale.xml" xmlns:xi="http://www.w3.org/2001/XInclude"/>
        <xi:include href="class_serialize.xml" xmlns:xi="http://www.w3.org/2001/XInclude"/>
        <xi:include href="class_seven_bit_comp.xml" xmlns:xi="http://www.w3.org/2001/XInclude"/>
        <xi:include href="class_s_f_m_l___objects.xml" xmlns:xi="http://www.w3.org/2001/XInclude"/>
        <xi:include href="struct_main_window_1_1unsigned__pair.xml" xmlns:xi="http://www.w3.org/2001/XInclude"/>
        <xi:include href="struct_img_base_info_1_1unsigned__pair.xml" xmlns:xi="http://www.w3.org/2001/XInclude"/>
        <xi:include href="class_vec___b_m_p.xml" xmlns:xi="http://www.w3.org/2001/XInclude"/>
        <xi:include href="class_vec___extr.xml" xmlns:xi="http://www.w3.org/2001/XInclude"/>
    </chapter>
    <chapter>
        <title>Dokumentacja plików</title>
        <xi:include href="aajw__header_8cpp.xml" xmlns:xi="http://www.w3.org/2001/XInclude"/>
        <xi:include href="aajw__header_8h.xml" xmlns:xi="http://www.w3.org/2001/XInclude"/>
        <xi:include href="byterun__c_8cpp.xml" xmlns:xi="http://www.w3.org/2001/XInclude"/>
        <xi:include href="byterun__c_8h.xml" xmlns:xi="http://www.w3.org/2001/XInclude"/>
        <xi:include href="imgbaseinfo_8cpp.xml" xmlns:xi="http://www.w3.org/2001/XInclude"/>
        <xi:include href="imgbaseinfo_8h.xml" xmlns:xi="http://www.w3.org/2001/XInclude"/>
        <xi:include href="main_8cpp.xml" xmlns:xi="http://www.w3.org/2001/XInclude"/>
        <xi:include href="mainwindow_8cpp.xml" xmlns:xi="http://www.w3.org/2001/XInclude"/>
        <xi:include href="mainwindow_8h.xml" xmlns:xi="http://www.w3.org/2001/XInclude"/>
        <xi:include href="_r_l_e__c_8cpp.xml" xmlns:xi="http://www.w3.org/2001/XInclude"/>
        <xi:include href="rle__c_8h.xml" xmlns:xi="http://www.w3.org/2001/XInclude"/>
        <xi:include href="scale_8cpp.xml" xmlns:xi="http://www.w3.org/2001/XInclude"/>
        <xi:include href="scale_8h.xml" xmlns:xi="http://www.w3.org/2001/XInclude"/>
        <xi:include href="serialize_8cpp.xml" xmlns:xi="http://www.w3.org/2001/XInclude"/>
        <xi:include href="serialize_8h.xml" xmlns:xi="http://www.w3.org/2001/XInclude"/>
        <xi:include href="sevenbitcomp_8cpp.xml" xmlns:xi="http://www.w3.org/2001/XInclude"/>
        <xi:include href="sevenbitcomp_8h.xml" xmlns:xi="http://www.w3.org/2001/XInclude"/>
        <xi:include href="_seven_bit_comp__old_8cpp.xml" xmlns:xi="http://www.w3.org/2001/XInclude"/>
        <xi:include href="_seven_bit_comp__old_8h.xml" xmlns:xi="http://www.w3.org/2001/XInclude"/>
        <xi:include href="sfml__objects_8cpp.xml" xmlns:xi="http://www.w3.org/2001/XInclude"/>
        <xi:include href="sfml__objects_8h.xml" xmlns:xi="http://www.w3.org/2001/XInclude"/>
        <xi:include href="vec__bmp_8cpp.xml" xmlns:xi="http://www.w3.org/2001/XInclude"/>
        <xi:include href="vec__bmp_8h.xml" xmlns:xi="http://www.w3.org/2001/XInclude"/>
        <xi:include href="vec__extr_8cpp.xml" xmlns:xi="http://www.w3.org/2001/XInclude"/>
        <xi:include href="vec__extr_8h.xml" xmlns:xi="http://www.w3.org/2001/XInclude"/>
    </chapter>
    <chapter>
        <title>Dokumentacja katalogów</title>
        <xi:include href="dir_3e0d2c868be6a3e5150a628fd2a00a9b.xml" xmlns:xi="http://www.w3.org/2001/XInclude"/>
    </chapter>
</book>
