<?xml version='1.0' encoding='UTF-8' standalone='no'?>
<section xmlns="http://docbook.org/ns/docbook" version="5.0" xmlns:xlink="http://www.w3.org/1999/xlink" xml:id="mainwindow_8h">
    <title>mainwindow.h File Reference</title>
    <programlisting>#include &lt;QMainWindow&gt;</programlisting>
    <programlisting>#include &lt;QString&gt;</programlisting>
    <programlisting>#include &lt;QListWidgetItem&gt;</programlisting>
    <programlisting>#include &lt;QTWidgets&gt;</programlisting>
    <programlisting>#include &quot;sfml_objects.h&quot;</programlisting>
    <programlisting>#include &lt;SFML/Graphics/RenderWindow.hpp&gt;</programlisting>
    <programlisting>#include &lt;SFML/Window/Event.hpp&gt;</programlisting>
    <programlisting>#include &lt;QFileDialog&gt;</programlisting>
    <programlisting>#include &lt;QMessageBox&gt;</programlisting>
    <programlisting>#include &lt;QStringList&gt;</programlisting>
    <programlisting>#include &lt;iterator&gt;</programlisting>
    <programlisting>#include &lt;string&gt;</programlisting>
    <programlisting>#include &lt;QDebug&gt;</programlisting>
    <programlisting>#include &lt;scale.h&gt;</programlisting>
    <programlisting>#include &lt;vec_extr.h&gt;</programlisting>
    <programlisting>#include &lt;fstream&gt;</programlisting>
    <programlisting>#include &quot;SevenBitComp.h&quot;</programlisting>
    <programlisting>#include &quot;rle_c.h&quot;</programlisting>
    <programlisting>#include &quot;byterun_c.h&quot;</programlisting>
    <programlisting>#include &quot;aajw_header.h&quot;</programlisting>
    <programlisting>#include &lt;ctime&gt;</programlisting>
    <programlisting>#include &lt;vector&gt;</programlisting>
<para>Include dependency diagram for mainwindow.h</para>
<para>
    <figure>
        <title>Dependency diagram</title>
        <mediaobject>
            <imageobject>
                <imagedata width="50%" align="center" valign="middle" scalefit="1" fileref="mainwindow_8h__incl.png"></imagedata>
            </imageobject>
        </mediaobject>
    </figure>
</para>
<para>Included by dependency diagram for mainwindow.h</para>
<para>
    <figure>
        <title>Dependency diagram</title>
        <mediaobject>
            <imageobject>
                <imagedata width="50%" align="center" valign="middle" scalefit="1" fileref="mainwindow_8h__dep__incl.png"></imagedata>
            </imageobject>
        </mediaobject>
    </figure>
</para>
        <section>
            <title> Klasy </title>
            <para>
                <itemizedlist>
                    <listitem>
                        <para>struct <link linkend="class_main_window">MainWindow</link></para>
<para><emphasis>Obiekt bedacy glownym oknem interfejsu.</emphasis></para>
                    </listitem>
                </itemizedlist>
            </para>
            <para>
                <itemizedlist>
                    <listitem>
                        <para>struct <link linkend="struct_main_window_1_1unsigned__pair">MainWindow::unsigned_pair</link></para>
<para><emphasis>Prosta struktura przechowujaca pare liczb tyu uint32_t.</emphasis></para>
                    </listitem>
                </itemizedlist>
            </para>
        </section>
        <simplesect>
            <title> Przestrzenie nazw </title>
            <para>
                <itemizedlist>
                    <listitem>
                        <para>struct <link linkend="namespace_ui">Ui</link></para>
                    </listitem>
                </itemizedlist>
            </para>
        </simplesect>
    <simplesect>
        <title>Opis szczegółowy</title>

<para>Mainwindow - plik naglowkowy </para>
    <para>Definition in file C:/Users/Blazejek/Desktop/QT/test4/mainwindow.h</para>
    </simplesect>
</section>
