<?xml version='1.0' encoding='UTF-8' standalone='no'?>
<chapter xmlns="http://docbook.org/ns/docbook" version="5.0" xmlns:xlink="http://www.w3.org/1999/xlink">
    <title>Aplikacja</title>
<section xml:id="index_1sec1">
<title>Wstep</title>

<para>Aplikacja konwertujaca bitmapy do formatu utworzonego na potrzeby projektu z GKiM. Opracowana przy uzyciu framework&apos;a QT i biblioteki SFML</para>
</section>
<section xml:id="index_1sec2">
<title>Wymagania</title>
<section xml:id="index_1Biblioteki">
<title>Biblioteki</title>

<para><itemizedlist>
<listitem>
<para>QT - wersja 5.7</para>
</listitem><listitem>
<para>SFML - wersja 2.4.1 skompilowana pod uzywany kompilator</para>
</listitem></itemizedlist>
</para>
</section>
<section xml:id="index_1Sprzetowe">
<title>Sprzetowe</title>

<para><table frame="all">
    <title></title>
    <tgroup cols="3" align="left" colsep="1" rowsep="1">
    <tbody>
<row>
<entry>
<para></para>
</entry><entry>
<para>Minimalne </para>
</entry><entry>
<para>Zalecane  </para>
</entry></row>
<row>
<entry>
<para>RAM </para>
</entry><entry>
<para>32 MB </para>
</entry><entry>
<para>64 MB </para>
</entry></row>
    </tbody>
    </tgroup>
</table>
</para>
</section>
</section>
<section xml:id="index_1sec3">
<title>Pliki naglowkowe</title>

<para>Pliki naglowkowe nalezace do biblioteki SFML sa dolaczone w nastepujacy sposob: <literallayout><computeroutput>#include&lt;SFML/example.h&gt;
</computeroutput></literallayout></para>

<para>Sposob dolaczenia tych bibliotek pokazuje plik .pro <literallayout><computeroutput></computeroutput></literallayout> </para>
</section>
<section xml:id="index_1sec4">
<title>Format pliku .aajw - Opis formatu AAJW</title>

<para>Rastrowy format pliku graficznego opracowany na potrzeby projektu z przedmiotu GKiM</para>

<para>Struktura pliku w formacie AAJW jest prosta, sklada sie z dwoch elementow:
<literallayout>
</literallayout>
<itemizedlist>
<listitem>
<para>naglowek AAJWHEADER</para>
</listitem><listitem>
<para>blok danych</para>
</listitem></itemizedlist>
</para>

<para>Opracowany format w obecnej wersji jest w stanie przechowywac informacje o kolorach w postaci 24 i 8-bitowej z mozliwoscia poddania ich odpowiedniemu upakowaniu i/lub dodatkowej kompresji. W przypadku przechowywania danych w formacie 8-bitowym zaklada sie, ze dane symbolizuja skale szarosci.</para>
</section>
<section xml:id="index_1Header">
<title>AAJWHEADER</title>

<para>jest to naglowek stworzonego formatu, jego skladowe sa nastepujace <table frame="all">
    <title></title>
    <tgroup cols="2" align="left" colsep="1" rowsep="1">
    <tbody>
<row>
<entry>
<para>Element </para>
</entry><entry>
<para>Opis  </para>
</entry></row>
<row>
<entry>
<para>FIdentifier </para>
</entry><entry>
<para>Identyfikator formatu </para>
</entry></row>
<row>
<entry>
<para>FSizeY </para>
</entry><entry>
<para>Wysokosc obrazu w pikselach </para>
</entry></row>
<row>
<entry>
<para>FSizeX </para>
</entry><entry>
<para>Szerokosc obrazu w pikselach </para>
</entry></row>
<row>
<entry>
<para>FColor </para>
</entry><entry>
<para>Ilosc bajtow wykorzystywanych do reprezentacji pikseli </para>
</entry></row>
<row>
<entry>
<para>FDataSize </para>
</entry><entry>
<para>Rozmiar bloku pikseli </para>
</entry></row>
<row>
<entry>
<para>FCompression </para>
</entry><entry>
<para>Rodzaj kompresji </para>
</entry></row>
<row>
<entry>
<para>F7Bit </para>
</entry><entry>
<para>Wykorzystany rodzaj kompresji do 7bitow </para>
</entry></row>
    </tbody>
    </tgroup>
</table>
</para>
<section xml:id="index_1FIdentifier">
<title>FIdentifier</title>

<para>Identyfikuje format pliku. Jest to stala wartosc zapisana jako 32bitowa wartosc ponizszej operacji: <literallayout><computeroutput>uint8_t&#32;buffer[4]={&apos;A&apos;,&apos;A&apos;,&apos;J&apos;,&apos;W&apos;};
uint32_t&#32;identifier=(uint32_t)buffer[0]&#32;&lt;&lt;&#32;24&#32;|(uint32_t)buffer[1]&#32;&lt;&lt;&#32;16&#32;|(uint32_t)buffer[2]&#32;&lt;&lt;&#32;8&#32;&#32;|(uint32_t)buffer[3];
</computeroutput></literallayout> Wartosc ma stanowic jednoczesnie numer wersji formatu, ktora w zalozeniu powinna byc inkrementowana o 1 w przypadku nowej wersji formatu Podany sposob kodowania identyfikatora pozwala na okreslenie wartosci dla formatu w wersji 1.0</para>
</section>
<section xml:id="index_1FSizeY">
<title>FSizeY</title>

<para>Wysokosc obrazu w pikselach. Wartosc zapisywana jako uint32_t Max wartosc 4,294,967,295</para>
</section>
<section xml:id="index_1FSizeX">
<title>FSizeX</title>

<para>Szerokosc obrazu w pikselach. Wartosc zapisywana jako uint32_t Max wartosc 4 294 967295</para>
</section>
<section xml:id="index_1FColor">
<title>FColor</title>

<para>Ilosc bajtow wykorzystywanych do reprezentacji pikseli jak i w pewnym stopniu skali kolorow - dostepne wartosci opisuje klasa <link linkend="class_a_hdr_1a7905be4154d0d5ccdbd7b4e0e4a59383">AHdr::AColor</link> Wartosc zapisywana jako uint8_t.</para>

<para>Dla wersji 1.0 formatu dostepne sa nastepujace wartosci: <table frame="all">
    <title></title>
    <tgroup cols="2" align="left" colsep="1" rowsep="1">
    <tbody>
<row>
<entry>
<para>Element </para>
</entry><entry>
<para>Opis  </para>
</entry></row>
<row>
<entry>
<para>b_w </para>
</entry><entry>
<para>monochromatyczny, w wersji 1.0 uzywa on 1 bajtu na pixel przez co jest funkcjonalnie taki sam jak skala szarosci </para>
</entry></row>
<row>
<entry>
<para>grey </para>
</entry><entry>
<para>skala szarosci zaisana na 8-bitach(256 kolorow). w wersji 1.0 domyslna paleta kolorow jest okreslana dla skali szarosci, co nie wyklucza modyfikacji formatu do przechowywania informacji o palecie kolorow </para>
</entry></row>
<row>
<entry>
<para>rgb </para>
</entry><entry>
<para>dane zapisane jako 24-bitowe RGB, umozliwiajace zapis duzej ilosci barw </para>
</entry></row>
<row>
<entry>
<para>rgba </para>
</entry><entry>
<para>dane zapisane jako 32-bitowe RGBA, zachowanie identyczne jak rgb, z mozliwoscia przechowywania dodatkowego 4. kanalu 8-bitowego </para>
</entry></row>
    </tbody>
    </tgroup>
</table>
</para>
</section>
<section xml:id="index_1FDataSize">
<title>FDataSize</title>

<para>Rozmiar zapisanego bloku pikseli (nie jest tozsamy z iloczynem FSizeX * FSizeY * FColor !) Przechowuje informacje na temat wielkosci bloku danych, ktory mogl zostac poddany kompresji i/lub upakowaniu. Element zapisany jako uint32_t , ktory jednoczesnie warunkuje maksymalny rozmiar obrazu jako 4 294 967295 bajtow (4 GB).</para>
</section>
<section xml:id="index_1FCompression">
<title>FCompression</title>

<para>Rodzaj uzytej kompresji. Format w wersji 1.0 dopuszcza nastepujace metody kompresji:</para>

<para><itemizedlist>
<listitem>
<para>brak</para>
</listitem><listitem>
<para>RLE 1-bajtowy</para>
</listitem><listitem>
<para>ByteRun 1-bajtowy</para>
</listitem><listitem>
<para>RLE 3-bajtowy</para>
</listitem><listitem>
<para>ByteRun 3-bajtowy</para>

<para>Nalezy zwrocic uwage,ze w polaczeniu z ostatnim elementem struktury F7Bit stosowane moga byc zmienione sposoby kodowania w przypadku RLE i ByteRun 1-bajtowego, a wersja ByteRun 3 bajtowe nie jest obecnie dostepna Wartosc zapisywana jako uint8_t. Za przypisanie odpowiedniej wartosci temu elementowi odpowiada <link linkend="class_a_hdr_1acfacae70f76a15f200eaafb7e4149ea7">AHdr::AAJWCompression</link></para>
</listitem></itemizedlist>
</para>
</section>
<section xml:id="index_1F7Bit">
<title>F7Bit</title>

<para>Wykorzystanie 7-bitowego upakowania pikseli. Dostepne wartosci opisuje <link linkend="class_a_hdr_1a01dcb9a5d7873d6808645afe873b5227">AHdr::AAJW7bit</link> Wartosc zapisywana jako uint8_t.</para>

<para>Budowe struktur i typow wyliczeniowych prezentuje <link linkend="aajw__header_8h">aajw_header.h</link></para>
</section>
</section>
<section xml:id="index_1secencode">
<title>Forma zapisu i odczytu</title>

<para>Format pliku w wersji 1.0 jest przeznaczony do zapisu i odczytu w formie little-endian, gdzie najmniej znaczacy bajt zostaje umieszczony na poczatku ciagu. W celu zapewnienia niezaleznosci od uzywanej platformy sprzetowej nalezy stosowac serializacje, ktorej prosta implementacje przedstawia <link linkend="aajw__header_8h">aajw_header.h</link> . Mozliwe jest korzystanie z innym metod (tak dlugo jak beda one zapisywac dane w odpowiednim formacie w little-endian, co pkazuje przykladowa, sprawna, implementacja zapisu danych do bitmapy przy uzyciu przeladowanych operatorow QDataStream w <link linkend="vec__bmp_8h">vec_bmp.h</link> ). Opracowany format przechowuje tablice pikseli w podobny sposob co bitmapy (kierunek od dol do gory), z wyjatkiem stosowania paddingu, ktory jest nieobecny w formacie Umozliwia to zatem przechowywanie danych, ktore moga byc struktura podobne do bitmapy(przy braku uzyciu jakiejkolwiej kompresji) z mozliwoscia na zajmowania odrobine mniejszej ilosci miejsca</para>
</section>
<section xml:id="index_1secchars">
<title>Cechy formatu AAJW</title>

<para>Format w wersji 1.0 cechuje sie prosta budowa, ktora umozliwia przechowywanie danych w bardzo prosty sposob. Identyfikator na 1. pozycji w pliku umozliwia szybka weryfikacje poprawnosci odczytywanej wersji formatu przed pobraniem calej tablicy pikseli.</para>

<para>Do slabych stron formatu mozna zaliczyc niewielka kompresje danych w porownaniu do innych popularnych formatow graficznych (np .png). W wyniku czego aby przechowac ten sam obraz nalezy przeznaczyc znaczna ilosc miejsca na dysku. Jednakze, w porownaniu do nieskompresowanej bitmapy, opracowany format zajmuje zazwyczaj niewiecej miejsca, niz nieskompreswana bitmapa. W przypadku zastosowania kompakcji 7-bitowej, zawsze zostanie uzyskany mniejszy rozmiar pliku w porownaniu z oryginalna bitmapa.</para>

<para>Stosowanie dostepnych algorytmow kompresji ( w konfiguracji z kompakcja 7-bitowa i bez) moze jednak przyczynic sie w niektorych momentach do zwiekszenia rozmiaru pliku wyjsciowego. Ze wzgledu na charakter dzialania tych algorytmow nie zawsze jest mozliwe uzyskanie mniejszego rozmiaru pliku.</para>

<para>W przypadku stosowania konwersji bez 7-bitowego upakowania stosowane sa zmodyfikowane algorytmy RLE, ByeRun w wyniku, ktorych tracona jest ok. 0.0039% dostepnej puli kolorow, z racji wykorzystania w projekcie domyslnego znacznika jako wartosci 0. Zatem reprezentacja danych odbywa sie w zakresie 1-255 (co stanowi nadal 99.9%+ oryginalnej puli). W wyniku tego niemozliwe jest w niektorych przypadkach odwzrowanie idealnego koloru czarnego (0,0,0), ktory zostaje zmodyfikowany na (1,1,1). Dopuszcza sie w implementacjach algorytmow szybka modyfikacje wartości znacznika na inna wartosc (np najmniej znaczaca skladowa najrzadziej wystepujacego koloru/zakresu barw), ale wymaga to modyfikacji algorytmow kompresji, jak i stworzenia odpowiedniej metody wykrywajacej taka wartosc.</para>

<para>Format AAJW ma z zamierzeniu pozostac jako zawsze zapisywany w little endian, co powoduje, ze dane nie powinny ulec znisczeniu przy zapisie na platformie pracujacej w big endian. W tym celu powinna stosowana byc zawsze serializacja i deserializacja aby zapewnic poprawnosc zapisu/odczytu danych przez aplikacje korzystajace z tego formatu.</para>

<para>Przy stosowaniu wersji nieskompresowanej i upakowanej formatu, istnieje mozliwosc wzglednie szybkiej ekstrakcji tablicy pikseli, poniewaz nie wystepuja w pliku dodatkowy padding, ktory moglby wymagac iteracyjnego zczytywania pikseli. W ten sposob, mozliwe jest zaimporotwanie calej tablicy za jednym razem i wyswietlenie jej w kompatybilnym programie.</para>
</section>
<section xml:id="index_1sec5">
<title>Autorzy</title>

<para><formalpara><title>Wersja: </title>

<para>1.0 </para>
</formalpara>
<formalpara><title>Data: </title>

<para>2017-01-10 </para>
</formalpara>
<formalpara><title>Autorzy: </title>

<para>Aleksandra Scislawska </para>
<simplesect/>
<para>Alicja Uzar </para>
<simplesect/>
<para>Jan Wozniak </para>
<simplesect/>
<para>Wojciech Sudul</para>
</formalpara>
</para>
</section>
<section xml:id="index_1sec6">
<title>Licencja</title>

<para>Kod stanowiacy czesc tej dokumentacji z racji wykorzystania bibliotek QT podlega licencji LGPLv3 i/lub innych licencji uzywanych obecnie przez Qt Company Ltd. Link do licencji GNU LGPLv3 <link xlink:href="https://www.gnu.org/licenses/lgpl-3.0.html">tutaj </link> </para>
</section>

</chapter>
