<?xml version='1.0' encoding='UTF-8' standalone='no'?>
<section xmlns="http://docbook.org/ns/docbook" version="5.0" xmlns:xlink="http://www.w3.org/1999/xlink" xml:id="main_8cpp">
    <title>main.cpp File Reference</title>
    <programlisting>#include &quot;mainwindow.h&quot;</programlisting>
    <programlisting>#include &lt;QApplication&gt;</programlisting>
<para>Include dependency diagram for main.cpp</para>
<para>
    <figure>
        <title>Dependency diagram</title>
        <mediaobject>
            <imageobject>
                <imagedata width="50%" align="center" valign="middle" scalefit="1" fileref="main_8cpp__incl.png"></imagedata>
            </imageobject>
        </mediaobject>
    </figure>
</para>
<para>Included by dependency diagram for main.cpp</para>
<para>
    <figure>
        <title>Dependency diagram</title>
        <mediaobject>
            <imageobject>
                <imagedata width="50%" align="center" valign="middle" scalefit="1" fileref="main_8cpp__dep__incl.png"></imagedata>
            </imageobject>
        </mediaobject>
    </figure>
</para>
        <section>
            <title>Funkcje</title>
            <para>
                <itemizedlist>
                    <listitem>
                        <para>int <link linkend="main_8cpp_1a0ddf1224851353fc92bfbff6f499fa97">main</link> (
int argc, char * argv)<para><emphasis>Funkcja main programu.</emphasis></para>
</para>
                    </listitem>
                </itemizedlist>
            </para>
        </section>
    <simplesect>
        <title>Opis szczegółowy</title>
    <para>Definition in file C:/Users/Blazejek/Desktop/QT/test4/main.cpp</para>
    </simplesect>
</section>
