<?xml version='1.0' encoding='UTF-8' standalone='no'?>
<section xmlns="http://docbook.org/ns/docbook" version="5.0" xmlns:xlink="http://www.w3.org/1999/xlink" xml:id="sevenbitcomp_8cpp">
    <title>sevenbitcomp.cpp File Reference</title>
    <programlisting>#include &quot;sevenbitcomp.h&quot;</programlisting>
    <programlisting>#include &lt;vector&gt;</programlisting>
    <programlisting>#include &lt;stdint.h&gt;</programlisting>
<para>Include dependency diagram for sevenbitcomp.cpp</para>
<para>
    <figure>
        <title>Dependency diagram</title>
        <mediaobject>
            <imageobject>
                <imagedata width="50%" align="center" valign="middle" scalefit="1" fileref="sevenbitcomp_8cpp__incl.png"></imagedata>
            </imageobject>
        </mediaobject>
    </figure>
</para>
<para>Included by dependency diagram for sevenbitcomp.cpp</para>
<para>
    <figure>
        <title>Dependency diagram</title>
        <mediaobject>
            <imageobject>
                <imagedata width="50%" align="center" valign="middle" scalefit="1" fileref="sevenbitcomp_8cpp__dep__incl.png"></imagedata>
            </imageobject>
        </mediaobject>
    </figure>
</para>
    <simplesect>
        <title>Opis szczegółowy</title>
    <para>Definition in file C:/Users/Blazejek/Desktop/QT/test4/sevenbitcomp.cpp</para>
    </simplesect>
</section>
