<?xml version='1.0' encoding='UTF-8' standalone='no'?>
<section xmlns="http://docbook.org/ns/docbook" version="5.0" xmlns:xlink="http://www.w3.org/1999/xlink" xml:id="struct_img_base_info_1_1unsigned__pair">
<title>ImgBaseInfo::unsigned_pair struct Reference</title>
<para>
    <programlisting>#include <link linkend="imgbaseinfo_8h">&lt;imgbaseinfo.h&gt;</link></programlisting>
</para>
<para>Inheritance diagram for ImgBaseInfo::unsigned_pair</para>
<para>
    <figure>
        <title>Inheritance graph</title>
        <mediaobject>
            <imageobject>
                <imagedata width="50%" align="center" valign="middle" scalefit="1" fileref="struct_img_base_info_1_1unsigned__pair__inherit__graph.png"></imagedata>
            </imageobject>
        </mediaobject>
    </figure>
</para>
<para>Collaboration diagram for ImgBaseInfo::unsigned_pair</para>
<para>
    <figure>
        <title>Collaboration graph</title>
        <mediaobject>
            <imageobject>
                <imagedata width="50%" align="center" valign="middle" scalefit="1" fileref="struct_img_base_info_1_1unsigned__pair__coll__graph.png"></imagedata>
            </imageobject>
        </mediaobject>
    </figure>
</para>
        <section>
            <title>Atrybuty publiczne</title>
            <para>
                <itemizedlist>
                    <listitem>
                        <para>uint32_t x</para>
                    </listitem>
                </itemizedlist>
            </para>
            <para>
                <itemizedlist>
                    <listitem>
                        <para>uint32_t y</para>
                    </listitem>
                </itemizedlist>
            </para>
        </section>
        <simplesect>
            <title>Opis szczegółowy</title>

<para>struktura przechowywujaca rozmiary obrazu </para>
                <para>Definition at line 18 of file imgbaseinfo.h</para>
                <para>The Documentation for this struct was generated from the following file: </para>
                <para><itemizedlist><listitem><para>imgbaseinfo.h</para></listitem></itemizedlist></para>
        </simplesect>
        <section>
            <title>Dokumentacja atrybutów składowych</title>
            <simplesect>
                <title>uint32_t ImgBaseInfo::unsigned_pair::y</title>                
<para>&lt;szerokosc w pikselach </para>

                <para>Definition at line 20 of file imgbaseinfo.h</para>
                <para>The Documentation for this struct was generated from the following file: </para>
                <para><itemizedlist><listitem><para>imgbaseinfo.h</para></listitem></itemizedlist></para>
            </simplesect>
        </section>
</section>
