<?xml version='1.0' encoding='UTF-8' standalone='no'?>
<section xmlns="http://docbook.org/ns/docbook" version="5.0" xmlns:xlink="http://www.w3.org/1999/xlink" xml:id="struct_a_hdr_1_1_a_a_j_w_h_e_a_d_e_r">
<title>AHdr::AAJWHEADER struct Reference</title>
<para>
    <programlisting>#include <link linkend="aajw__header_8h">&lt;aajw_header.h&gt;</link></programlisting>
</para>
<para>Inheritance diagram for AHdr::AAJWHEADER</para>
<para>
    <figure>
        <title>Inheritance graph</title>
        <mediaobject>
            <imageobject>
                <imagedata width="50%" align="center" valign="middle" scalefit="1" fileref="struct_a_hdr_1_1_a_a_j_w_h_e_a_d_e_r__inherit__graph.png"></imagedata>
            </imageobject>
        </mediaobject>
    </figure>
</para>
<para>Collaboration diagram for AHdr::AAJWHEADER</para>
<para>
    <figure>
        <title>Collaboration graph</title>
        <mediaobject>
            <imageobject>
                <imagedata width="50%" align="center" valign="middle" scalefit="1" fileref="struct_a_hdr_1_1_a_a_j_w_h_e_a_d_e_r__coll__graph.png"></imagedata>
            </imageobject>
        </mediaobject>
    </figure>
</para>
        <section>
            <title>Atrybuty publiczne</title>
            <para>
                <itemizedlist>
                    <listitem>
                        <para>uint32_t FIdentifier</para>
                    </listitem>
                </itemizedlist>
            </para>
            <para>
                <itemizedlist>
                    <listitem>
                        <para>uint32_t FSizeX</para>
                    </listitem>
                </itemizedlist>
            </para>
            <para>
                <itemizedlist>
                    <listitem>
                        <para>uint32_t FSizeY</para>
                    </listitem>
                </itemizedlist>
            </para>
            <para>
                <itemizedlist>
                    <listitem>
                        <para>uint8_t FColor</para>
                    </listitem>
                </itemizedlist>
            </para>
            <para>
                <itemizedlist>
                    <listitem>
                        <para>uint32_t FDataSize</para>
                    </listitem>
                </itemizedlist>
            </para>
            <para>
                <itemizedlist>
                    <listitem>
                        <para>uint8_t FCompression</para>
                    </listitem>
                </itemizedlist>
            </para>
            <para>
                <itemizedlist>
                    <listitem>
                        <para>uint8_t F7Bit</para>
                    </listitem>
                </itemizedlist>
            </para>
        </section>
    <simplesect>

<para>struktura reprezentujaca naglowek pliku .aajw </para>
    </simplesect>
        <simplesect>
            <title>Opis szczegółowy</title>

<para>Struktura zawiera elementy pozwalajace zapisac informacje o przechowywanym obrazie </para>
                <para>Definition at line 49 of file aajw_header.h</para>
                <para>The Documentation for this struct was generated from the following file: </para>
                <para><itemizedlist><listitem><para>aajw_header.h</para></listitem></itemizedlist></para>
        </simplesect>
        <section>
            <title>Dokumentacja atrybutów składowych</title>
            <simplesect>
                <title>uint32_t AHdr::AAJWHEADER::FIdentifier</title>                
<para>Identyfikator formatu </para>

                <para>Definition at line 50 of file aajw_header.h</para>
                <para>The Documentation for this struct was generated from the following file: </para>
                <para><itemizedlist><listitem><para>aajw_header.h</para></listitem></itemizedlist></para>
            </simplesect>
            <simplesect>
                <title>uint32_t AHdr::AAJWHEADER::FSizeX</title>                
<para>Szerokosc obrazu w pikselach </para>

                <para>Definition at line 51 of file aajw_header.h</para>
                <para>The Documentation for this struct was generated from the following file: </para>
                <para><itemizedlist><listitem><para>aajw_header.h</para></listitem></itemizedlist></para>
            </simplesect>
            <simplesect>
                <title>uint32_t AHdr::AAJWHEADER::FSizeY</title>                
<para>Wysokosc obrazu w pikselach </para>

                <para>Definition at line 52 of file aajw_header.h</para>
                <para>The Documentation for this struct was generated from the following file: </para>
                <para><itemizedlist><listitem><para>aajw_header.h</para></listitem></itemizedlist></para>
            </simplesect>
            <simplesect>
                <title>uint8_t AHdr::AAJWHEADER::FColor</title>                
<para>Ilosc bajtow wykorzystywanych do reprezentacji pikseli - dostepne wartosci opisuje klasa <link linkend="class_a_hdr_1a7905be4154d0d5ccdbd7b4e0e4a59383">AHdr::AColor</link> </para>

                <para>Definition at line 53 of file aajw_header.h</para>
                <para>The Documentation for this struct was generated from the following file: </para>
                <para><itemizedlist><listitem><para>aajw_header.h</para></listitem></itemizedlist></para>
            </simplesect>
            <simplesect>
                <title>uint32_t AHdr::AAJWHEADER::FDataSize</title>                
<para>Rozmiar w bitach zapisanej tablicy pikseli (skompresowane lub nie) </para>

                <para>Definition at line 54 of file aajw_header.h</para>
                <para>The Documentation for this struct was generated from the following file: </para>
                <para><itemizedlist><listitem><para>aajw_header.h</para></listitem></itemizedlist></para>
            </simplesect>
            <simplesect>
                <title>uint8_t AHdr::AAJWHEADER::FCompression</title>                
<para>Rodzaj kompresji - dostepne wartosci <link linkend="class_a_hdr_1acfacae70f76a15f200eaafb7e4149ea7">AHdr::AAJWCompression</link> </para>

                <para>Definition at line 55 of file aajw_header.h</para>
                <para>The Documentation for this struct was generated from the following file: </para>
                <para><itemizedlist><listitem><para>aajw_header.h</para></listitem></itemizedlist></para>
            </simplesect>
            <simplesect>
                <title>uint8_t AHdr::AAJWHEADER::F7Bit</title>                
<para>Wykorzystany rodzaj kompresji do 7bitow - dostepne wartosci <link linkend="class_a_hdr_1a01dcb9a5d7873d6808645afe873b5227">AHdr::AAJW7bit</link> </para>

                <para>Definition at line 56 of file aajw_header.h</para>
                <para>The Documentation for this struct was generated from the following file: </para>
                <para><itemizedlist><listitem><para>aajw_header.h</para></listitem></itemizedlist></para>
            </simplesect>
        </section>
</section>
