<?xml version='1.0' encoding='UTF-8' standalone='no'?>
<section xmlns="http://docbook.org/ns/docbook" version="5.0" xmlns:xlink="http://www.w3.org/1999/xlink" xml:id="struct_vec___b_m_p_1_1_b_i_t_m_a_p_i_n_f_o_h_e_a_d_e_r">
<title>Vec_BMP::BITMAPINFOHEADER struct Reference</title>
<para>
    <programlisting>#include <link linkend="vec__bmp_8h">&lt;vec_bmp.h&gt;</link></programlisting>
</para>
<para>Inheritance diagram for Vec_BMP::BITMAPINFOHEADER</para>
<para>
    <figure>
        <title>Inheritance graph</title>
        <mediaobject>
            <imageobject>
                <imagedata width="50%" align="center" valign="middle" scalefit="1" fileref="struct_vec___b_m_p_1_1_b_i_t_m_a_p_i_n_f_o_h_e_a_d_e_r__inherit__graph.png"></imagedata>
            </imageobject>
        </mediaobject>
    </figure>
</para>
<para>Collaboration diagram for Vec_BMP::BITMAPINFOHEADER</para>
<para>
    <figure>
        <title>Collaboration graph</title>
        <mediaobject>
            <imageobject>
                <imagedata width="50%" align="center" valign="middle" scalefit="1" fileref="struct_vec___b_m_p_1_1_b_i_t_m_a_p_i_n_f_o_h_e_a_d_e_r__coll__graph.png"></imagedata>
            </imageobject>
        </mediaobject>
    </figure>
</para>
        <section>
            <title>Atrybuty publiczne</title>
            <para>
                <itemizedlist>
                    <listitem>
                        <para>DWORD biSize</para>
                    </listitem>
                </itemizedlist>
            </para>
            <para>
                <itemizedlist>
                    <listitem>
                        <para>LONG biWidth</para>
                    </listitem>
                </itemizedlist>
            </para>
            <para>
                <itemizedlist>
                    <listitem>
                        <para>LONG biHeight</para>
                    </listitem>
                </itemizedlist>
            </para>
            <para>
                <itemizedlist>
                    <listitem>
                        <para>WORD biPlanes</para>
                    </listitem>
                </itemizedlist>
            </para>
            <para>
                <itemizedlist>
                    <listitem>
                        <para>WORD biBitCount</para>
                    </listitem>
                </itemizedlist>
            </para>
            <para>
                <itemizedlist>
                    <listitem>
                        <para>DWORD biCompression</para>
                    </listitem>
                </itemizedlist>
            </para>
            <para>
                <itemizedlist>
                    <listitem>
                        <para>DWORD biSizeImage</para>
                    </listitem>
                </itemizedlist>
            </para>
            <para>
                <itemizedlist>
                    <listitem>
                        <para>LONG biXPelsPerMeter</para>
                    </listitem>
                </itemizedlist>
            </para>
            <para>
                <itemizedlist>
                    <listitem>
                        <para>LONG biYPelsPerMeter</para>
                    </listitem>
                </itemizedlist>
            </para>
            <para>
                <itemizedlist>
                    <listitem>
                        <para>DWORD biClrUsed</para>
                    </listitem>
                </itemizedlist>
            </para>
            <para>
                <itemizedlist>
                    <listitem>
                        <para>DWORD biClrImportant</para>
                    </listitem>
                </itemizedlist>
            </para>
        </section>
    <simplesect>

<para>struktura zgodna z odpowiednikiem z windows.h </para>
    </simplesect>
        <simplesect>
            <title>Opis szczegółowy</title>

<para>Struktura reprezentujaca bitmapinfoheader o rozmiarze 40 bitow zawierajaca dane o przechowywanym obrazie. </para>
                <para>Definition at line 131 of file vec_bmp.h</para>
                <para>The Documentation for this struct was generated from the following file: </para>
                <para><itemizedlist><listitem><para>vec_bmp.h</para></listitem></itemizedlist></para>
        </simplesect>
        <section>
            <title>Dokumentacja atrybutów składowych</title>
        </section>
</section>
