<?xml version='1.0' encoding='UTF-8' standalone='no'?>
<section xmlns="http://docbook.org/ns/docbook" version="5.0" xmlns:xlink="http://www.w3.org/1999/xlink" xml:id="struct_vec___b_m_p_1_1_b_i_t_m_a_p_f_i_l_e_h_e_a_d_e_r">
<title>Vec_BMP::BITMAPFILEHEADER struct Reference</title>
<para>
    <programlisting>#include <link linkend="vec__bmp_8h">&lt;vec_bmp.h&gt;</link></programlisting>
</para>
<para>Inheritance diagram for Vec_BMP::BITMAPFILEHEADER</para>
<para>
    <figure>
        <title>Inheritance graph</title>
        <mediaobject>
            <imageobject>
                <imagedata width="50%" align="center" valign="middle" scalefit="1" fileref="struct_vec___b_m_p_1_1_b_i_t_m_a_p_f_i_l_e_h_e_a_d_e_r__inherit__graph.png"></imagedata>
            </imageobject>
        </mediaobject>
    </figure>
</para>
<para>Collaboration diagram for Vec_BMP::BITMAPFILEHEADER</para>
<para>
    <figure>
        <title>Collaboration graph</title>
        <mediaobject>
            <imageobject>
                <imagedata width="50%" align="center" valign="middle" scalefit="1" fileref="struct_vec___b_m_p_1_1_b_i_t_m_a_p_f_i_l_e_h_e_a_d_e_r__coll__graph.png"></imagedata>
            </imageobject>
        </mediaobject>
    </figure>
</para>
        <section>
            <title>Atrybuty publiczne</title>
            <para>
                <itemizedlist>
                    <listitem>
                        <para>WORD bfType</para>
                    </listitem>
                </itemizedlist>
            </para>
            <para>
                <itemizedlist>
                    <listitem>
                        <para>DWORD bfSize</para>
                    </listitem>
                </itemizedlist>
            </para>
            <para>
                <itemizedlist>
                    <listitem>
                        <para>WORD bfReserved1</para>
                    </listitem>
                </itemizedlist>
            </para>
            <para>
                <itemizedlist>
                    <listitem>
                        <para>WORD bfReserved2</para>
                    </listitem>
                </itemizedlist>
            </para>
            <para>
                <itemizedlist>
                    <listitem>
                        <para>DWORD bfOffBits</para>
                    </listitem>
                </itemizedlist>
            </para>
        </section>
    <simplesect>

<para>struktura zgodna z odpowiednikiem z windows.h </para>
    </simplesect>
        <simplesect>
            <title>Opis szczegółowy</title>

<para>Struktura reprezentujaca bitmapfileheader w typowej bitmapie.</para>

<para>Zostaje upakowana przy uzyciu: <literallayout><computeroutput>pragma&#32;pack(push,2)
</computeroutput></literallayout> Dzieki czemu rozmiar wynosi dokladnie 14 bitow. </para>
                <para>Definition at line 111 of file vec_bmp.h</para>
                <para>The Documentation for this struct was generated from the following file: </para>
                <para><itemizedlist><listitem><para>vec_bmp.h</para></listitem></itemizedlist></para>
        </simplesect>
        <section>
            <title>Dokumentacja atrybutów składowych</title>
        </section>
</section>
