<?xml version='1.0' encoding='UTF-8' standalone='no'?>
<section xmlns="http://docbook.org/ns/docbook" version="5.0" xmlns:xlink="http://www.w3.org/1999/xlink" xml:id="struct_main_window_1_1unsigned__pair">
<title>MainWindow::unsigned_pair struct Reference</title>
<para>Inheritance diagram for MainWindow::unsigned_pair</para>
<para>
    <figure>
        <title>Inheritance graph</title>
        <mediaobject>
            <imageobject>
                <imagedata width="50%" align="center" valign="middle" scalefit="1" fileref="struct_main_window_1_1unsigned__pair__inherit__graph.png"></imagedata>
            </imageobject>
        </mediaobject>
    </figure>
</para>
<para>Collaboration diagram for MainWindow::unsigned_pair</para>
<para>
    <figure>
        <title>Collaboration graph</title>
        <mediaobject>
            <imageobject>
                <imagedata width="50%" align="center" valign="middle" scalefit="1" fileref="struct_main_window_1_1unsigned__pair__coll__graph.png"></imagedata>
            </imageobject>
        </mediaobject>
    </figure>
</para>
        <section>
            <title>Atrybuty publiczne</title>
            <para>
                <itemizedlist>
                    <listitem>
                        <para>uint32_t x</para>
                    </listitem>
                </itemizedlist>
            </para>
            <para>
                <itemizedlist>
                    <listitem>
                        <para>uint32_t y</para>
                    </listitem>
                </itemizedlist>
            </para>
        </section>
    <simplesect>

<para>Prosta struktura przechowujaca pare liczb tyu uint32_t. </para>
    </simplesect>
        <simplesect>
            <title>Opis szczegółowy</title>

<para>Identyczna struktura wykorzystywana w innych klasach </para>
                <para>Definition at line 340 of file mainwindow.h</para>
                <para>The Documentation for this struct was generated from the following file: </para>
                <para><itemizedlist><listitem><para>mainwindow.h</para></listitem></itemizedlist></para>
        </simplesect>
        <section>
            <title>Dokumentacja atrybutów składowych</title>
        </section>
</section>
