<?xml version='1.0' encoding='UTF-8' standalone='no'?>
<section xmlns="http://docbook.org/ns/docbook" version="5.0" xmlns:xlink="http://www.w3.org/1999/xlink" xml:id="struct_vec___b_m_p_1_1_r_g_b_q_u_a_d">
<title>Vec_BMP::RGBQUAD struct Reference</title>
<para>
    <programlisting>#include <link linkend="vec__bmp_8h">&lt;vec_bmp.h&gt;</link></programlisting>
</para>
<para>Inheritance diagram for Vec_BMP::RGBQUAD</para>
<para>
    <figure>
        <title>Inheritance graph</title>
        <mediaobject>
            <imageobject>
                <imagedata width="50%" align="center" valign="middle" scalefit="1" fileref="struct_vec___b_m_p_1_1_r_g_b_q_u_a_d__inherit__graph.png"></imagedata>
            </imageobject>
        </mediaobject>
    </figure>
</para>
<para>Collaboration diagram for Vec_BMP::RGBQUAD</para>
<para>
    <figure>
        <title>Collaboration graph</title>
        <mediaobject>
            <imageobject>
                <imagedata width="50%" align="center" valign="middle" scalefit="1" fileref="struct_vec___b_m_p_1_1_r_g_b_q_u_a_d__coll__graph.png"></imagedata>
            </imageobject>
        </mediaobject>
    </figure>
</para>
        <section>
            <title>Atrybuty publiczne</title>
            <para>
                <itemizedlist>
                    <listitem>
                        <para>BYTE rgbBlue</para>
                    </listitem>
                </itemizedlist>
            </para>
            <para>
                <itemizedlist>
                    <listitem>
                        <para>BYTE rgbGreen</para>
                    </listitem>
                </itemizedlist>
            </para>
            <para>
                <itemizedlist>
                    <listitem>
                        <para>BYTE rgbRed</para>
                    </listitem>
                </itemizedlist>
            </para>
            <para>
                <itemizedlist>
                    <listitem>
                        <para>BYTE rgbReserved</para>
                    </listitem>
                </itemizedlist>
            </para>
        </section>
    <simplesect>

<para>struktura zgodna z odpowiednikiem z windows.h </para>
    </simplesect>
        <simplesect>
            <title>Opis szczegółowy</title>

<para>Struktura reprezentujaca 4 bitowa strukture wykorzystywana do palety kolorow. </para>
                <para>Definition at line 155 of file vec_bmp.h</para>
                <para>The Documentation for this struct was generated from the following file: </para>
                <para><itemizedlist><listitem><para>vec_bmp.h</para></listitem></itemizedlist></para>
        </simplesect>
        <section>
            <title>Dokumentacja atrybutów składowych</title>
        </section>
</section>
