<?xml version='1.0' encoding='UTF-8' standalone='no'?>
<section xmlns="http://docbook.org/ns/docbook" version="5.0" xmlns:xlink="http://www.w3.org/1999/xlink" xml:id="vec__extr_8h">
    <title>vec_extr.h File Reference</title>
    <programlisting>#include &lt;vector&gt;</programlisting>
    <programlisting>#include &lt;string&gt;</programlisting>
    <programlisting>#include &lt;qDebug&gt;</programlisting>
    <programlisting>#include &lt;SFML/Graphics.hpp&gt;</programlisting>
    <programlisting>#include &lt;imgbaseinfo.h&gt;</programlisting>
    <programlisting>#include &lt;vec_bmp.h&gt;</programlisting>
    <programlisting>#include &lt;iterator&gt;</programlisting>
<para>Include dependency diagram for vec_extr.h</para>
<para>
    <figure>
        <title>Dependency diagram</title>
        <mediaobject>
            <imageobject>
                <imagedata width="50%" align="center" valign="middle" scalefit="1" fileref="vec__extr_8h__incl.png"></imagedata>
            </imageobject>
        </mediaobject>
    </figure>
</para>
<para>Included by dependency diagram for vec_extr.h</para>
<para>
    <figure>
        <title>Dependency diagram</title>
        <mediaobject>
            <imageobject>
                <imagedata width="50%" align="center" valign="middle" scalefit="1" fileref="vec__extr_8h__dep__incl.png"></imagedata>
            </imageobject>
        </mediaobject>
    </figure>
</para>
        <section>
            <title> Klasy </title>
            <para>
                <itemizedlist>
                    <listitem>
                        <para>struct <link linkend="class_vec___extr">Vec_Extr</link></para>
<para><emphasis>Wydobywanie pikseli z obiektu sf::image, padding i zapis do bitmapy.</emphasis></para>
                    </listitem>
                </itemizedlist>
            </para>
        </section>
    <simplesect>
        <title>Opis szczegółowy</title>
    <para>Definition in file C:/Users/Blazejek/Desktop/QT/test4/vec_extr.h</para>
    </simplesect>
</section>
