<?xml version='1.0' encoding='UTF-8' standalone='no'?>
<section xmlns="http://docbook.org/ns/docbook" version="5.0" xmlns:xlink="http://www.w3.org/1999/xlink" xml:id="vec__bmp_8h">
    <title>vec_bmp.h File Reference</title>
    <programlisting>#include &lt;vector&gt;</programlisting>
    <programlisting>#include &lt;string&gt;</programlisting>
    <programlisting>#include &lt;fstream&gt;</programlisting>
    <programlisting>#include &lt;QDataStream&gt;</programlisting>
    <programlisting>#include &lt;QFile&gt;</programlisting>
    <programlisting>#include &lt;QString&gt;</programlisting>
    <programlisting>#include &lt;serialize.h&gt;</programlisting>
<para>Include dependency diagram for vec_bmp.h</para>
<para>
    <figure>
        <title>Dependency diagram</title>
        <mediaobject>
            <imageobject>
                <imagedata width="50%" align="center" valign="middle" scalefit="1" fileref="vec__bmp_8h__incl.png"></imagedata>
            </imageobject>
        </mediaobject>
    </figure>
</para>
<para>Included by dependency diagram for vec_bmp.h</para>
<para>
    <figure>
        <title>Dependency diagram</title>
        <mediaobject>
            <imageobject>
                <imagedata width="50%" align="center" valign="middle" scalefit="1" fileref="vec__bmp_8h__dep__incl.png"></imagedata>
            </imageobject>
        </mediaobject>
    </figure>
</para>
        <section>
            <title> Klasy </title>
            <para>
                <itemizedlist>
                    <listitem>
                        <para>struct <link linkend="class_vec___b_m_p">Vec_BMP</link></para>
<para><emphasis>Klasa odpowiedzialna za zapisywanie danych do bitmapy.</emphasis></para>
                    </listitem>
                </itemizedlist>
            </para>
            <para>
                <itemizedlist>
                    <listitem>
                        <para>struct <link linkend="struct_vec___b_m_p_1_1_b_i_t_m_a_p_f_i_l_e_h_e_a_d_e_r">Vec_BMP::BITMAPFILEHEADER</link></para>
<para><emphasis>struktura zgodna z odpowiednikiem z windows.h</emphasis></para>
                    </listitem>
                </itemizedlist>
            </para>
            <para>
                <itemizedlist>
                    <listitem>
                        <para>struct <link linkend="struct_vec___b_m_p_1_1_b_i_t_m_a_p_i_n_f_o_h_e_a_d_e_r">Vec_BMP::BITMAPINFOHEADER</link></para>
<para><emphasis>struktura zgodna z odpowiednikiem z windows.h</emphasis></para>
                    </listitem>
                </itemizedlist>
            </para>
            <para>
                <itemizedlist>
                    <listitem>
                        <para>struct <link linkend="struct_vec___b_m_p_1_1_r_g_b_q_u_a_d">Vec_BMP::RGBQUAD</link></para>
<para><emphasis>struktura zgodna z odpowiednikiem z windows.h</emphasis></para>
                    </listitem>
                </itemizedlist>
            </para>
        </section>
        <section>
            <title>Definicje</title>
            <para>
                <itemizedlist>
                    <listitem>
                            <para>#define <link linkend="vec__bmp_8h_1aec93e83855ac17c3c25c55c37ca186dd">BYTE</link> uint8_t</para>
                    </listitem>
                </itemizedlist>
            </para>
            <para>
                <itemizedlist>
                    <listitem>
                            <para>#define <link linkend="vec__bmp_8h_1a4cfc63e05db4883dc4b60a1245a9ffc5">WORD</link> uint16_t</para>
                    </listitem>
                </itemizedlist>
            </para>
            <para>
                <itemizedlist>
                    <listitem>
                            <para>#define <link linkend="vec__bmp_8h_1aa39b39d94407451a6ec0226479db68cf">DWORD</link> uint32_t</para>
                    </listitem>
                </itemizedlist>
            </para>
            <para>
                <itemizedlist>
                    <listitem>
                            <para>#define <link linkend="vec__bmp_8h_1acaa7b8a7167a8214f499c71c413ddcca">LONG</link> int32_t</para>
                    </listitem>
                </itemizedlist>
            </para>
            <para>
                <itemizedlist>
                    <listitem>
                            <para>#define <link linkend="vec__bmp_8h_1a24499130317221694a37e7638de7f4ca">A_BI_RGB</link> 0l</para>
                    </listitem>
                </itemizedlist>
            </para>
            <para>
                <itemizedlist>
                    <listitem>
                            <para>#define <link linkend="vec__bmp_8h_1ab132c39b0430ac603cf9146dd106c4ba">A_BI_RLE8</link> 1l</para>
                    </listitem>
                </itemizedlist>
            </para>
            <para>
                <itemizedlist>
                    <listitem>
                            <para>#define <link linkend="vec__bmp_8h_1a9904a9fa96212e67f1f741b03c88f40c">A_BI_RLE4</link> 2l</para>
                    </listitem>
                </itemizedlist>
            </para>
            <para>
                <itemizedlist>
                    <listitem>
                            <para>#define <link linkend="vec__bmp_8h_1a28ae3bee9f80655030dbdbd88e98b818">A_BI_BITFIELDS</link> 3l</para>
                    </listitem>
                </itemizedlist>
            </para>
            <para>
                <itemizedlist>
                    <listitem>
                            <para>#define <link linkend="vec__bmp_8h_1a262c0461133a184be7f26cf480f941b9">A_BI_JPEG</link> 4l</para>
                    </listitem>
                </itemizedlist>
            </para>
            <para>
                <itemizedlist>
                    <listitem>
                            <para>#define <link linkend="vec__bmp_8h_1a4face990533894ea60ff5126c599f481">A_BI_PNG</link> 5l</para>
                    </listitem>
                </itemizedlist>
            </para>
        </section>
    <simplesect>
        <title>Opis szczegółowy</title>
    <para>Definition in file C:/Users/Blazejek/Desktop/QT/test4/vec_bmp.h</para>
    </simplesect>
</section>
